Linux 5.10.234-225.910.amzn2.x86_64 (ip-10-0-160-252.ec2.internal) 	03/24/25 	_x86_64_	(2 CPU)

03:48:54        CPU     %user     %nice   %system   %iowait    %steal     %idle
03:48:55        all     80.71      0.00      9.14      4.06      5.58      0.51
03:48:56        all     52.02      0.00      5.56     42.42      0.00      0.00
03:48:57        all     47.50      0.00      2.50      4.00      0.00     46.00
03:48:58        all     47.50      0.00      4.50      0.00      0.00     48.00
03:48:59        all     47.24      0.00      6.03      0.00      0.00     46.73
03:49:00        all     31.22      0.00      3.41      0.00     20.00     45.37
03:49:01        all     32.67      0.00      3.96      0.00      5.45     57.92
03:49:02        all      0.00      0.00      0.50     14.57      0.00     84.92
03:49:03        all      0.00      0.00      0.00      0.00      0.00    100.00
03:49:04        all      0.00      0.00      0.00      0.00      0.00    100.00
03:49:05        all      0.00      0.00      0.50      0.50      1.00     98.01
03:49:06        all      0.00      0.00      0.50      0.00      0.00     99.50
03:49:07        all      0.00      0.00      0.00      2.01      0.00     97.99
03:49:08        all      0.00      0.00      0.00      0.00      0.00    100.00
03:49:09        all      0.00      0.00      0.00      0.00      0.00    100.00
03:49:10        all      0.00      0.00      0.00      0.00      0.00    100.00
03:49:11        all      1.96      0.00      1.47      0.49      6.37     89.71
03:49:12        all      3.54      0.00      2.02      0.00      3.03     91.41
03:49:13        all     19.51      0.00      8.29      0.00     10.24     61.95
03:49:14        all     56.22      0.00     21.39      0.00      4.98     17.41
03:49:15        all     49.02      0.00     16.18      0.00     10.29     24.51
03:49:16        all     60.50      0.00     17.00      0.00      6.00     16.50
03:49:17        all     47.03      0.00     17.82      1.49     22.28     11.39
03:49:18        all     49.25      0.00     16.42      0.00     10.95     23.38
03:49:19        all     55.94      0.00     19.80      0.00     14.85      9.41
03:49:20        all     31.37      0.00     15.20      0.00     16.67     36.76
03:49:21        all     39.00      0.00      0.50      0.00     10.50     50.00
03:49:22        all     53.09      0.00     24.23      0.00     13.92      8.76
03:49:23        all      7.46      0.00      4.98      9.45      2.99     75.12
03:49:24        all     52.74      0.00     14.93      0.00     13.93     18.41
03:49:25        all     35.50      0.00     15.00      0.00      8.00     41.50
03:49:26        all     10.40      0.00      6.44      0.00      0.99     82.18
03:49:27        all     39.41      0.00      4.43      0.00      8.37     47.78
03:49:28        all     14.36      0.00      5.45      1.98      6.44     71.78
03:49:29        all     61.08      0.00     17.24      0.00     13.30      8.37
03:49:30        all     46.19      0.00     21.83      0.00      4.57     27.41
03:49:31        all     31.50      0.00      8.00      0.00      0.00     60.50
03:49:32        all     50.75      0.00     12.44      0.00     10.95     25.87
03:49:33        all     38.92      0.00     10.34      0.00      2.46     48.28
03:49:34        all     12.32      0.00      3.45      0.00      3.94     80.30
03:49:35        all     42.72      0.00     19.42      0.00     15.53     22.33
03:49:36        all     21.50      0.00      7.00      0.00      9.00     62.50
03:49:37        all     55.45      0.00     14.85      0.00     16.34     13.37
03:49:38        all     22.28      0.00     10.89      0.00      1.98     64.85
03:49:39        all     40.30      0.00      7.46      0.00      1.49     50.75
03:49:40        all      9.00      0.00      2.50      0.00      5.00     83.50
03:49:41        all     47.06      0.00     16.67      0.00     20.10     16.18
03:49:42        all     52.26      0.00     22.11      0.00     12.06     13.57
03:49:43        all     32.67      0.00     15.35      0.99      4.95     46.04
03:49:44        all      5.97      0.00      3.48      0.00      3.98     86.57
03:49:45        all      3.48      0.00      1.00      0.00      2.49     93.03
03:49:46        all     14.43      0.00      1.99      0.00      4.98     78.61
03:49:47        all     47.26      0.00      8.96      0.00      9.45     34.33
03:49:48        all     55.88      0.00     17.65      0.00     17.16      9.31
03:49:49        all     44.61      0.00     19.61      0.00     23.53     12.25
03:49:50        all     42.71      0.00     19.60      0.00      7.54     30.15
03:49:51        all     20.10      0.00      5.03      0.00      3.52     71.36
03:49:52        all     15.92      0.00      3.48      0.00      0.50     80.10
03:49:53        all      3.02      0.00      1.51      0.00      1.01     94.47
03:49:54        all      9.80      0.00      4.41      0.00      6.86     78.92
03:49:55        all     42.21      0.00      2.51      0.00      0.00     55.28
03:49:56        all     55.00      0.00     17.50      0.00      1.00     26.50
03:49:57        all     50.25      0.00     14.72      0.00      0.51     34.52
03:49:58        all      7.00      0.00      2.50      0.00      1.00     89.50
03:49:59        all     12.81      0.00      4.93      0.49      9.36     72.41
03:50:00        all     50.25      0.00     11.94      0.00     19.40     18.41
03:50:01        all     52.97      0.00     19.80      0.00     15.35     11.88
03:50:02        all     55.38      0.00     18.97      0.00      1.03     24.62
03:50:03        all     48.98      0.00      8.16      0.00      0.00     42.86
03:50:04        all     34.83      0.00      4.48      0.50      0.50     59.70
03:50:05        all     14.29      0.00      6.40      0.00      5.91     73.40
03:50:06        all     10.95      0.00      5.47      0.00      4.98     78.61
03:50:07        all     17.68      0.00      8.08      0.00      6.57     67.68
03:50:08        all     50.99      0.00     13.37      0.00     17.33     18.32
03:50:09        all     12.50      0.00      5.50      0.50      0.50     81.00
03:50:10        all      2.99      0.00      0.50      0.00      0.50     96.02
03:50:11        all      2.01      0.00      0.50      0.00      1.01     96.48
03:50:12        all      2.96      0.00      2.96      0.00      3.45     90.64
03:50:13        all     45.73      0.00     11.06      0.00     14.57     28.64
03:50:14        all     18.18      0.00      7.07      0.51      1.52     72.73
03:50:15        all      3.00      0.00      1.50      0.00      1.00     94.50
03:50:16        all      3.50      0.00      0.50      0.00      0.50     95.50
03:50:17        all      2.51      0.00      1.51      0.00      1.51     94.47
03:50:18        all     39.90      0.00     10.61      0.00      6.57     42.93
03:50:19        all     12.44      0.00      6.97      0.00      6.97     73.63
03:50:20        all      5.39      0.00      2.45      0.00      5.39     86.76
03:50:21        all      2.99      0.00      1.00      0.00      1.00     95.02
03:50:22        all      0.00      0.00      0.51      0.00      0.51     98.99
03:50:23        all     38.31      0.00      4.98      0.00      6.97     49.75
03:50:24        all     11.94      0.00      1.49      0.00      1.99     84.58
03:50:25        all      1.99      0.00      1.49      0.00      0.50     96.02
03:50:26        all      0.50      0.00      0.50      0.00      0.50     98.50
03:50:27        all      4.02      0.00      2.01      0.00      1.01     92.96
03:50:28        all     47.29      0.00     13.30      0.00     12.32     27.09
03:50:29        all     29.50      0.00      9.50      0.50      4.00     56.50
03:50:30        all      4.95      0.00      2.97      0.00      1.98     90.10
03:50:31        all      1.51      0.00      0.50      0.00      0.50     97.49
03:50:32        all      1.49      0.00      0.99      0.00      0.99     96.53
03:50:33        all     28.14      0.00      4.02      0.00      6.53     61.31
03:50:34        all     45.85      0.00      5.85      0.00     12.20     36.10
03:50:35        all     14.50      0.00      2.50      1.50      3.00     78.50
03:50:36        all      1.00      0.00      0.50      0.00      0.50     98.01
03:50:37        all      2.01      0.00      0.50      0.00      0.00     97.49
03:50:38        all      1.51      0.00      1.01      0.00      1.51     95.98
03:50:39        all     42.36      0.00      9.85      0.00      5.42     42.36
03:50:40        all     14.78      0.00      5.91      0.00      5.42     73.89
03:50:41        all      6.03      0.00      2.01      0.00      1.01     90.95
03:50:42        all      2.00      0.00      1.50      0.00      1.50     95.00
03:50:43        all      1.49      0.00      1.00      0.00      0.50     97.01
03:50:44        all     36.68      0.00      5.03      0.00      8.54     49.75
03:50:45        all      9.00      0.00      4.50      0.00      2.00     84.50
03:50:46        all      1.48      0.00      0.49      0.00      0.99     97.04
03:50:47        all      1.00      0.00      0.50      0.00      1.00     97.51
03:50:48        all      7.43      0.00      4.95      0.00      9.90     77.72
03:50:49        all     44.61      0.00     11.27      0.00     16.67     27.45
03:50:50        all     20.50      0.00      9.50      0.00      6.00     64.00
03:50:51        all      8.96      0.00      3.98      0.00      3.48     83.58
03:50:52        all      1.50      0.00      0.50      0.00      1.00     97.00
03:50:53        all      1.49      0.00      1.00      0.00      1.00     96.52
03:50:54        all     30.35      0.00      2.99      0.00      8.96     57.71
03:50:55        all     47.55      0.00      5.88      0.49      6.37     39.71
03:50:56        all      4.50      0.00      1.50      0.00      1.00     93.00
03:50:57        all      1.50      0.00      1.00      0.00      1.00     96.50
03:50:58        all      3.02      0.00      1.51      0.00      2.01     93.47
03:50:59        all      1.00      0.00      1.00      0.00      0.50     97.51
03:51:00        all     54.27      0.00     12.56      0.00     10.55     22.61
03:51:01        all      6.00      0.00      2.50      0.00      0.00     91.50
03:51:02        all      4.98      0.00      2.99      0.00      0.50     91.54
03:51:03        all      2.01      0.00      1.01      0.00      0.50     96.48
03:51:04        all      2.02      0.00      0.51      0.00      0.00     97.47
03:51:05        all     44.61      0.00      6.86      0.00      6.37     42.16
03:51:06        all      1.51      0.00      0.50      0.00      0.00     97.99
03:51:07        all      1.49      0.00      1.00      0.00      0.50     97.01
03:51:08        all      0.00      0.00      0.00      0.00      0.00    100.00
03:51:09        all     11.44      0.00      3.98      0.00      1.99     82.59
03:51:10        all     52.53      0.00     13.64      0.00      4.04     29.80
03:51:11        all      9.09      0.00      2.53      0.00      1.52     86.87
03:51:12        all      5.00      0.00      2.50      0.00      1.00     91.50
03:51:13        all      1.02      0.00      0.00      0.00      0.51     98.48
03:51:14        all      6.47      0.00      1.00      0.00      2.99     89.55
03:51:15        all     44.39      0.00      6.34      0.00     12.68     36.59
03:51:16        all     23.38      0.00      4.98      0.50      2.99     68.16
03:51:17        all      1.49      0.00      0.99      0.00      1.49     96.04
03:51:18        all      1.00      0.00      1.00      0.00      0.00     98.01
03:51:19        all      2.00      0.00      0.00      0.00      0.50     97.50
03:51:20        all     32.16      0.00      6.03      0.00      9.55     52.26
03:51:21        all     33.17      0.00      7.69      0.00      6.25     52.88
03:51:22        all      7.88      0.00      2.96      0.00      6.90     82.27
03:51:23        all      3.86      0.00      2.90      0.00     10.14     83.09
03:51:24        all      2.49      0.00      1.00      0.00      0.50     96.02
03:51:25        all     26.77      0.00      0.51      0.00      1.01     71.72
03:51:26        all      9.50      0.00      2.00      0.50      2.00     86.00
03:51:27        all      1.50      0.00      1.50      0.00      0.50     96.50
03:51:28        all      0.00      0.00      0.00      0.00      0.00    100.00
03:51:29        all      4.50      0.00      2.50      0.00      1.50     91.50
03:51:30        all     37.86      0.00      9.22      0.00     17.96     34.95
03:51:31        all     39.50      0.00     18.50      0.00     15.00     27.00
03:51:32        all      9.45      0.00      3.48      0.00      3.48     83.58
03:51:33        all      2.02      0.00      2.53      0.00      0.00     95.45
03:51:34        all      1.50      0.00      0.50      0.00      0.50     97.50
03:51:35        all     23.90      0.00      3.41      0.00      5.37     67.32
03:51:36        all     38.00      0.00      5.00      0.00     17.00     40.00
03:51:37        all     27.72      0.00      5.94      0.00      9.90     56.44
03:51:38        all      2.99      0.00      1.49      0.00      2.49     93.03
03:51:39        all      0.50      0.00      0.50      0.00      0.00     99.00
03:51:40        all      4.98      0.00      2.49      0.00      2.49     90.05
03:51:41        all     21.57      0.00      4.41      0.00     13.73     60.29
03:51:42        all     21.39      0.00      3.98      0.00     10.45     64.18
03:51:43        all      7.00      0.00      2.50      0.00      0.50     90.00
03:51:44        all      3.96      0.00      0.99      0.00      0.99     94.06
03:51:45        all      1.52      0.00      1.52      0.00      0.00     96.97
03:51:46        all     25.62      0.00      4.43      0.49      3.45     66.01
03:51:47        all     11.06      0.00      3.02      0.00      0.50     85.43
03:51:48        all      2.00      0.00      0.50      0.00      0.00     97.50
03:51:49        all      1.49      0.00      1.99      0.00      0.50     96.02
03:51:50        all      7.04      0.00      3.02      0.00      1.01     88.94
03:51:51        all     33.66      0.00      6.93      0.00      6.44     52.97
03:51:52        all      8.54      0.00      3.52      9.05      1.51     77.39
03:51:53        all      6.50      0.00      2.50      0.00      0.50     90.50
03:51:54        all      2.01      0.00      1.01      0.00      1.01     95.98
03:51:55        all     10.34      0.00      3.45      0.00      2.96     83.25
03:51:56        all     42.23      0.00      9.71      0.00      9.71     38.35
03:51:57        all      9.45      0.00      5.47      0.00      1.49     83.58
03:51:58        all      2.51      0.00      1.51      0.00      0.00     95.98
03:51:59        all      3.00      0.00      1.00      0.00      0.50     95.50
03:52:00        all      8.96      0.00      3.98      0.00      5.97     81.09
03:52:01        all     30.73      0.00      7.80      0.00     10.24     51.22
03:52:02        all      5.47      0.00      1.99      0.00      1.99     90.55
03:52:03        all      5.97      0.00      2.99      0.00      3.98     87.06
03:52:04        all      3.02      0.00      1.01      0.00      1.51     94.47
03:52:05        all      9.55      0.00      2.01      0.00      2.01     86.43
03:52:06        all     34.31      0.00      7.84      0.00      7.84     50.00
03:52:07        all      2.51      0.00      1.51      0.00      2.51     93.47
03:52:08        all      3.50      0.00      1.50      0.00      2.50     92.50
03:52:09        all      1.49      0.00      2.48      0.50      0.99     94.55
03:52:10        all     18.91      0.00      7.96      0.00      1.49     71.64
03:52:11        all     24.50      0.00      6.00      0.00      4.00     65.50
03:52:12        all      4.52      0.00      2.01      0.00      2.51     90.95
03:52:13        all      6.50      0.00      2.50      0.00      1.00     90.00
03:52:14        all      1.99      0.00      1.99      0.00      2.49     93.53
03:52:15        all     28.14      0.00      8.54      0.00      7.04     56.28
03:52:16        all     31.50      0.00      7.00      0.00      5.50     56.00
03:52:17        all      4.00      0.00      2.50      0.50      2.00     91.00
03:52:18        all      4.98      0.00      2.49      0.00      2.49     90.05
03:52:19        all      4.48      0.00      3.98      0.00      4.48     87.06
03:52:20        all     17.33      0.00      6.44      0.00     12.38     63.86
03:52:21        all     44.66      0.00     10.19      0.00     17.96     27.18
03:52:22        all      4.00      0.00      1.50      0.50      5.00     89.00
03:52:23        all      9.00      0.00      4.50      0.00      5.00     81.50
03:52:24        all      1.01      0.00      0.50      0.00      0.50     97.99
03:52:25        all      8.96      0.00      3.48      0.00      1.49     86.07
03:52:26        all     41.06      0.00      9.66      0.00      9.18     40.10
03:52:27        all      2.50      0.00      0.50      0.00      1.00     96.00
03:52:28        all      3.00      0.00      1.50      0.00      1.50     94.00
03:52:29        all      2.51      0.00      1.01      0.00      0.50     95.98
03:52:30        all      9.41      0.00      4.95      0.00      6.44     79.21
03:52:31        all     33.66      0.00      8.42      0.00     11.88     46.04
03:52:32        all      5.45      0.00      2.97      0.00      2.48     89.11
03:52:33        all      5.94      0.00      4.46      0.00      6.93     82.67
03:52:34        all      3.47      0.00      1.49      0.00      3.47     91.58
03:52:35        all     10.95      0.00      2.49      0.00      3.48     83.08
03:52:36        all     45.15      0.00     12.62      0.00     16.50     25.73
03:52:37        all     14.85      0.00      6.44      0.50      1.49     76.73
03:52:38        all      4.98      0.00      2.99      0.00      3.98     88.06
03:52:39        all      4.93      0.00      2.46      0.00      6.40     86.21
03:52:40        all      9.76      0.00      6.34      0.00     16.10     67.80
03:52:41        all     33.83      0.00      6.47      0.00      5.97     53.73
03:52:42        all      5.50      0.00      2.50      0.00      0.50     91.50
03:52:43        all      6.47      0.00      1.49      0.00      2.49     89.55
03:52:44        all      1.49      0.00      1.49      0.00      0.00     97.03
03:52:45        all      3.98      0.00      1.00      0.00      1.49     93.53
03:52:46        all     47.06      0.00     11.27      0.00     10.78     30.88
03:52:47        all      4.95      0.00      2.48      0.00      1.49     91.09
03:52:48        all      1.99      0.00      1.49      0.50      1.99     94.03
03:52:49        all      3.98      0.00      3.48      0.00      2.49     90.05
03:52:50        all      7.46      0.00      2.99      0.00      1.49     88.06
03:52:51        all     30.50      0.00      7.50      0.00      2.50     59.50
03:52:52        all      6.90      0.00      3.94      0.00      2.96     86.21
03:52:53        all      5.45      0.00      2.48      0.00      4.95     87.13
03:52:54        all      3.45      0.00      1.97      0.00      1.97     92.61
03:52:55        all     16.42      0.00      3.98      0.00      4.98     74.63
03:52:56        all     41.71      0.00     11.37      0.00     18.96     27.96
03:52:57        all     27.80      0.00      9.76      0.00      7.32     55.12
03:52:58        all      4.48      0.00      2.99      0.00      2.99     89.55
03:52:59        all      6.40      0.00      4.43      0.00      5.42     83.74
03:53:00        all      9.00      0.00      5.00      0.00      1.00     85.00
03:53:01        all     22.66      0.00      4.43      0.00     10.34     62.56
03:53:02        all     16.00      0.00      8.00      0.00      8.50     67.50
03:53:03        all      5.97      0.00      1.99      0.50      1.00     90.55
03:53:04        all      2.49      0.00      1.49      0.00      2.49     93.53
03:53:05        all      1.52      0.00      1.01      0.00      0.51     96.97
03:53:06        all     26.47      0.00      6.37      0.00     14.71     52.45
03:53:07        all     28.23      0.00      9.09      0.00     11.00     51.67
03:53:08        all      2.99      0.00      1.99      0.00      1.00     94.03
03:53:09        all      7.35      0.00      4.41      0.00      6.37     81.86
03:53:10        all      7.92      0.00      3.96      0.00      5.94     82.18
03:53:11        all     14.57      0.00      2.01      0.00      7.04     76.38
03:53:12        all     23.41      0.00      4.88      0.00      8.78     62.93
03:53:13        all      9.80      0.00      3.92      0.00      7.84     78.43
03:53:14        all      3.00      0.00      1.50      0.00      1.50     94.00
03:53:15        all      3.94      0.00      2.46      0.00      2.96     90.64
03:53:16        all     21.63      0.00      4.81      0.00      7.69     65.87
03:53:17        all     39.20      0.00     13.07      0.00      0.00     47.74
03:53:18        all      6.00      0.00      3.00      0.50      1.50     89.00
03:53:19        all      5.53      0.00      2.51      0.00      1.01     90.95
03:53:20        all      9.41      0.00      3.47      0.00      3.47     83.66
03:53:21        all     18.32      0.00      3.47      0.00      2.48     75.74
03:53:22        all     17.56      0.00      6.34      0.00      6.34     69.76
03:53:23        all      5.47      0.00      1.99      0.00      3.98     88.56
03:53:24        all      1.52      0.00      0.00      0.00      0.00     98.48
03:53:25        all      2.01      0.00      1.01      0.00      0.50     96.48
03:53:26        all     21.74      0.00      5.31      0.00     14.49     58.45
03:53:27        all     32.35      0.00     12.75      0.00     11.76     43.14
03:53:28        all      4.00      0.00      2.00      0.00      2.00     92.00
03:53:29        all      5.53      0.00      0.50      0.50      1.01     92.46
03:53:30        all      9.90      0.00      4.95      0.00      5.45     79.70
03:53:31        all      9.95      0.00      1.99      0.00      5.47     82.59
03:53:32        all     25.24      0.00      6.19      0.00     12.86     55.71
03:53:33        all      7.35      0.00      6.37      0.00      2.45     83.82
03:53:34        all      2.49      0.00      1.49      0.00      2.99     93.03
03:53:35        all      5.45      0.00      3.96      0.00      4.46     86.14
03:53:36        all     21.00      0.00      2.50      0.00      2.50     74.00
03:53:37        all     33.83      0.00      9.95      0.00      5.47     50.75
03:53:38        all      6.90      0.00      3.45      0.00      4.43     85.22
03:53:39        all      6.47      0.00      3.98      0.50      5.47     83.58
03:53:40        all     11.82      0.00      5.42      0.00      9.36     73.40
03:53:41        all      9.55      0.00      1.01      0.00      5.03     84.42
03:53:42        all     26.24      0.00      3.96      0.00      9.41     60.40
03:53:43        all      5.50      0.00      3.50      0.00      1.50     89.50
03:53:44        all      5.45      0.00      1.98      0.00      2.97     89.60
03:53:45        all      1.52      0.00      1.01      0.00      1.01     96.46
03:53:46        all     22.17      0.00      2.96      0.00      7.88     67.00
03:53:47        all     18.81      0.00      6.44      0.00      3.96     70.79
03:53:48        all      2.02      0.00      0.51      0.00      0.51     96.97
03:53:49        all      6.97      0.00      2.99      0.00      2.99     87.06
03:53:50        all     10.84      0.00      7.88      0.00      6.40     74.88
03:53:51        all     29.85      0.00      3.98      0.00      2.49     63.68
03:53:52        all      6.86      0.00      3.92      0.00      5.39     83.82
03:53:53        all      3.00      0.00      1.00      0.00      1.50     94.50
03:53:54        all      4.00      0.00      2.00      0.00      2.00     92.00
03:53:55        all      4.95      0.00      3.47      0.00      3.96     87.62
03:53:56        all     40.39      0.00     10.34      0.00      9.85     39.41
03:53:57        all     14.78      0.00      4.93      0.00      5.91     74.38
03:53:58        all      3.00      0.00      1.50      0.00      2.50     93.00
03:53:59        all      6.44      0.00      4.95      0.50      5.45     82.67
03:54:00        all      7.92      0.00      3.47      0.00      0.50     88.12
03:54:01        all     45.23      0.00      7.54      0.00      2.51     44.72
03:54:02        all      6.50      0.00      3.50      0.00      0.50     89.50
03:54:03        all      2.97      0.00      1.98      0.00      0.00     95.05
03:54:04        all      3.54      0.00      1.01      0.00      0.51     94.95
03:54:05        all      3.50      0.00      1.00      0.00      0.50     95.00
03:54:06        all     42.08      0.00     11.88      0.00     14.36     31.68
03:54:07        all     33.99      0.00     11.33      0.00     11.82     42.86
03:54:08        all      1.99      0.00      2.49      0.00      0.50     95.02
03:54:09        all      5.50      0.00      2.50      0.00      3.50     88.50
03:54:10        all      7.39      0.00      3.45      0.49      5.42     83.25
03:54:11        all     19.40      0.00      7.46      0.00     12.44     60.70
03:54:12        all     33.33      0.00     11.11      0.00      4.04     51.52
03:54:13        all      5.91      0.00      2.96      0.00      0.99     90.15
03:54:14        all      2.50      0.00      2.50      0.00      1.00     94.00
03:54:15        all      3.02      0.00      2.01      0.00      1.01     93.97
03:54:16        all     22.50      0.00      6.00      0.00      2.50     69.00
03:54:17        all     43.00      0.00     17.50      0.00     13.00     26.50
03:54:18        all      7.00      0.00      2.00      0.00      1.00     90.00
03:54:19        all      4.48      0.00      1.49      0.00      2.49     91.54
03:54:20        all      6.47      0.00      1.99      0.50      2.99     88.06
03:54:21        all      5.53      0.00      1.51      0.00      2.51     90.45
03:54:22        all     57.79      0.00     14.07      0.00      7.54     20.60
03:54:23        all      9.00      0.00      5.00      0.00      1.50     84.50
03:54:24        all      3.48      0.00      1.99      0.00      0.50     94.03
03:54:25        all      0.00      0.00      1.01      0.00      0.51     98.48
03:54:26        all      3.47      0.00      0.99      0.00      1.49     94.06
03:54:27        all     46.77      0.00     14.43      0.00      9.45     29.35
03:54:28        all     37.44      0.00     18.01      0.00     19.43     25.12
03:54:29        all      3.48      0.00      1.00      0.00      2.99     92.54
03:54:30        all      6.93      0.00      4.46      0.00      8.91     79.70
03:54:31        all      5.91      0.00      2.96      0.00      4.43     86.70
03:54:32        all     13.73      0.00      7.84      0.00     11.27     67.16
03:54:33        all     44.66      0.00     11.17      0.00     20.39     23.79
03:54:34        all      5.42      0.00      3.94      0.00      3.94     86.70
03:54:35        all      3.50      0.00      1.50      0.00      3.50     91.50
03:54:36        all      3.48      0.00      1.49      0.00      1.49     93.53
03:54:37        all      4.02      0.00      2.51      0.00      1.51     91.96
03:54:38        all     37.68      0.00     11.59      0.00     14.98     35.75
03:54:39        all     26.73      0.00      7.43      0.00      5.45     60.40
03:54:40        all      5.00      0.00      3.00      0.50      1.50     90.00
03:54:41        all      6.47      0.00      1.99      0.00      2.99     88.56
03:54:42        all     10.45      0.00      4.48      0.00      8.96     76.12
03:54:43        all     22.06      0.00      6.37      0.00     12.25     59.31
03:54:44        all     27.69      0.00      4.62      0.00      0.00     67.69
03:54:45        all      2.46      0.00      1.48      0.00      4.43     91.63
03:54:46        all      3.50      0.00      1.00      0.00      2.50     93.00
03:54:47        all      6.34      0.00      4.39      0.00      4.39     84.88
03:54:48        all     25.85      0.00      6.83      0.00     10.73     56.59
03:54:49        all     32.50      0.00      7.50      0.00      7.00     53.00
03:54:50        all      5.47      0.00      2.49      0.00      4.98     87.06
03:54:51        all      8.37      0.00      2.46      0.49      1.97     86.70
03:54:52        all      9.00      0.00      5.50      0.00      1.00     84.50
03:54:53        all     16.92      0.00      5.47      0.00      6.47     71.14
03:54:54        all     29.56      0.00      7.88      0.00      6.40     56.16
03:54:55        all      2.03      0.00      0.51      0.00      1.52     95.94
03:54:56        all      2.97      0.00      1.98      0.00      0.50     94.55
03:54:57        all      3.50      0.00      3.00      0.00      1.00     92.50
03:54:58        all     25.50      0.00      4.50      0.00      3.00     67.00
03:54:59        all     36.63      0.00     13.37      0.00      9.41     40.59
03:55:00        all      3.48      0.00      1.49      0.00      2.49     92.54
03:55:01        all      4.98      0.00      1.99      0.00      5.47     87.56
03:55:02        all      9.36      0.00      4.93      0.00      4.93     80.79
03:55:03        all     14.15      0.00      3.90      0.00     13.17     68.78
03:55:04        all     41.21      0.00     11.56      0.00     12.06     35.18
03:55:05        all      3.50      0.00      1.00      0.00      1.00     94.50
03:55:06        all      2.00      0.00      0.50      0.00      1.00     96.50
03:55:07        all      3.96      0.00      2.48      0.00      5.45     88.12
03:55:08        all      8.33      0.00      2.94      0.00      9.80     78.92
03:55:09        all     42.79      0.00      7.69      0.00     18.27     31.25
03:55:10        all     23.79      0.00     10.19      0.00     15.05     50.97
03:55:11        all      4.85      0.00      2.91      0.49      4.85     86.89
03:55:12        all      6.03      0.00      2.01      0.00      5.53     86.43
03:55:13        all     10.95      0.00      5.47      0.00     10.95     72.64
03:55:14        all     14.22      0.00      4.41      0.00     11.27     70.10
03:55:15        all     37.19      0.00     10.05      0.00      0.00     52.76
03:55:16        all      1.52      0.00      0.00      0.00      0.00     98.48
03:55:17        all      1.49      0.00      1.00      0.00      1.49     96.02
03:55:18        all      5.00      0.00      3.00      0.00      4.00     88.00
03:55:19        all     14.15      0.00      5.37      0.00     12.20     68.29
03:55:20        all     54.08      0.00     15.31      0.00      4.08     26.53
03:55:21        all      8.54      0.00      3.52      0.50      1.01     86.43
03:55:22        all      5.94      0.00      1.98      0.00      2.97     89.11
03:55:23        all      6.97      0.00      3.98      0.00      6.47     82.59
03:55:24        all      9.36      0.00      3.94      0.00      2.96     83.74
03:55:25        all     40.10      0.00      8.42      0.00     10.40     41.09
03:55:26        all      4.48      0.00      1.49      0.00      0.50     93.53
03:55:27        all      3.00      0.00      1.00      0.00      0.50     95.50
03:55:28        all      3.48      0.00      1.00      0.00      1.49     94.03
03:55:29        all      4.04      0.00      1.01      0.00      0.51     94.44
03:55:30        all     47.24      0.00     11.06      0.00      5.53     36.18
03:55:31        all     17.33      0.00      6.44      0.00      1.49     74.75
03:55:32        all      5.45      0.00      2.97      0.50      1.49     89.60
03:55:33        all      7.04      0.00      3.02      0.00      1.01     88.94
03:55:34        all      8.54      0.00      4.52      0.00      1.01     85.93
03:55:35        all     39.09      0.00      9.64      0.00      2.03     49.24
03:55:36        all      4.46      0.00      2.48      0.00      0.99     92.08
03:55:37        all      1.51      0.00      1.01      0.00      0.00     97.49
03:55:38        all      3.02      0.00      2.51      0.00      3.02     91.46
03:55:39        all      4.98      0.00      1.49      0.00      1.49     92.04
03:55:40        all     36.36      0.00     11.00      0.00     23.44     29.19
03:55:41        all     41.87      0.00     16.26      0.00     14.78     27.09
03:55:42        all      5.50      0.00      2.00      0.50      3.00     89.00
03:55:43        all     10.00      0.00      3.00      0.00      5.00     82.00
03:55:44        all      9.76      0.00      4.88      0.00      9.76     75.61
03:55:45        all      5.45      0.00      2.48      0.00      1.98     90.10
03:55:46        all     43.00      0.00      8.50      0.00     10.50     38.00
03:55:47        all      2.48      0.00      1.98      0.00      0.99     94.55
03:55:48        all      3.52      0.00      2.01      0.00      0.50     93.97
03:55:49        all      5.00      0.00      1.00      0.00      2.00     92.00
03:55:50        all     10.34      0.00      2.46      0.00      2.46     84.73
03:55:51        all     49.50      0.00     16.34      0.00      8.42     25.74
03:55:52        all     14.29      0.00      3.57      0.00      0.51     81.63
03:55:53        all     10.45      0.00      2.99      0.00      0.50     86.07
03:55:54        all     10.00      0.00      3.50      0.00      2.50     84.00
03:55:55        all      3.50      0.00      1.00      0.00      1.00     94.50
03:55:56        all     40.61      0.00      6.09      0.00      3.05     50.25
03:55:57        all      3.48      0.00      2.49      0.00      1.00     93.03
03:55:58        all      2.96      0.00      1.97      0.00      1.97     93.10
03:55:59        all      4.57      0.00      2.03      0.00      2.03     91.37
03:56:00        all      4.98      0.00      0.50      0.00      1.99     92.54
03:56:01        all     42.29      0.00     13.93      0.00     17.91     25.87
03:56:02        all     41.46      0.00     15.61      0.49     20.49     21.95
03:56:03        all     16.34      0.00      5.45      0.00      8.91     69.31
03:56:04        all     11.71      0.00      6.34      0.00      8.78     73.17
03:56:05        all      4.48      0.00      1.00      0.00      1.99     92.54
03:56:06        all      3.52      0.00      2.01      0.00      4.02     90.45
03:56:07        all     30.43      0.00      5.31      0.00     20.29     43.96
03:56:08        all     16.42      0.00      4.48      0.00     10.45     68.66
03:56:09        all      3.00      0.00      1.50      0.00      1.50     94.00
03:56:10        all      3.03      0.00      0.51      0.00      1.52     94.95
03:56:11        all      3.98      0.00      1.99      0.00      1.99     92.04
03:56:12        all     33.17      0.00      7.32      0.00      5.85     53.66
03:56:13        all     34.18      0.00     12.76      0.00      6.63     46.43
03:56:14        all      5.94      0.00      2.48      0.00      0.99     90.59
03:56:15        all     13.00      0.00      4.50      0.00      3.00     79.50
03:56:16        all      5.47      0.00      1.99      0.00      3.98     88.56
03:56:17        all     24.88      0.00      2.49      0.00      1.49     71.14
03:56:18        all     16.67      0.00      4.90      0.00      1.96     76.47
03:56:19        all      2.50      0.00      1.00      0.00      2.50     94.00
03:56:20        all      7.96      0.00      4.48      0.00      2.49     85.07
03:56:21        all      5.50      0.00      1.50      0.00      1.00     92.00
03:56:22        all     25.49      0.00      4.90      0.00      9.80     59.80
03:56:23        all     33.67      0.00     10.05      0.00      4.02     52.26
03:56:24        all      5.03      0.00      0.50      0.00      2.01     92.46
03:56:25        all      8.29      0.00      4.39      0.00      8.29     79.02
03:56:26        all     14.14      0.00      6.57      0.00      4.55     74.75
03:56:27        all     23.65      0.00      2.96      0.00      5.42     67.98
03:56:28        all     18.81      0.00      5.45      0.00      3.96     71.78
03:56:29        all      2.00      0.00      0.50      0.00      1.00     96.50
03:56:30        all      1.49      0.00      2.99      0.00      1.49     94.03
03:56:31        all      5.94      0.00      3.47      0.00      1.98     88.61
03:56:32        all     33.83      0.00      5.97      0.00      4.98     55.22
03:56:33        all     31.31      0.00      9.09      0.00      0.51     59.09
03:56:34        all      4.48      0.00      1.99      0.00      1.49     92.04
03:56:35        all      6.47      0.00      3.98      0.00      3.98     85.57
03:56:36        all     12.94      0.00      7.96      0.00      6.47     72.64
03:56:37        all     27.00      0.00      3.50      0.00      3.00     66.50
03:56:38        all     20.50      0.00      6.00      0.00      0.50     73.00
03:56:39        all      1.49      0.00      1.00      0.00      1.00     96.52
03:56:40        all      3.48      0.00      1.00      0.00      4.98     90.55
03:56:41        all      3.52      0.00      1.51      0.00      0.50     94.47
03:56:42        all     37.88      0.00      8.08      0.00      0.00     54.04
03:56:43        all     30.81      0.00     10.10      0.51      1.01     57.58
03:56:44        all      5.53      0.00      2.01      0.00      1.51     90.95
03:56:45        all      3.50      0.00      1.50      0.00      1.50     93.50
03:56:46        all      8.59      0.00      4.04      0.00      1.52     85.86
03:56:47        all     26.87      0.00      5.47      0.00      5.97     61.69
03:56:48        all     22.39      0.00      7.96      0.00      4.98     64.68
03:56:49        all      4.00      0.00      1.00      0.00      2.50     92.50
03:56:50        all      1.49      0.00      1.49      0.00      1.98     95.05
03:56:51        all      3.02      0.00      1.01      0.00      1.51     94.47
03:56:52        all     35.15      0.00      7.92      0.00      8.91     48.02
03:56:53        all     39.41      0.00     12.32      0.00     22.17     26.11
03:56:54        all     15.58      0.00      3.02      0.00      1.51     79.90
03:56:55        all      3.98      0.00      1.49      0.00      1.49     93.03
03:56:56        all      8.91      0.00      3.47      0.00      4.46     83.17
03:56:57        all     13.04      0.00      4.35      0.00     10.14     72.46
03:56:58        all     38.92      0.00      7.88      0.00      5.91     47.29
03:56:59        all      9.95      0.00      2.99      0.00      4.98     82.09
03:57:00        all      1.00      0.00      1.50      0.00      1.00     96.50
03:57:01        all      2.99      0.00      1.00      0.00      1.99     94.03
03:57:02        all      4.52      0.00      1.51      0.00      1.51     92.46
03:57:03        all     39.71      0.00     11.27      0.00      9.80     39.22
03:57:04        all     46.86      0.00     16.91      0.00     18.84     17.39
03:57:05        all     13.57      0.00      7.54      0.00     10.05     68.84
03:57:06        all      6.44      0.00      2.48      0.00      2.97     88.12
03:57:07        all      8.96      0.00      3.98      0.00      4.48     82.59
03:57:08        all      4.48      0.00      3.48      0.00      2.49     89.55
03:57:09        all     40.20      0.00      9.55      0.00      2.51     47.74
03:57:10        all      5.00      0.00      2.00      0.00      1.50     91.50
03:57:11        all      1.49      0.00      1.00      0.00      0.50     97.01
03:57:12        all      4.00      0.00      3.00      0.00      1.00     92.00
03:57:13        all     12.12      0.00      1.01      0.00      1.52     85.35
03:57:14        all     54.50      0.00     13.50      0.00      3.50     28.50
03:57:15        all     11.00      0.00      4.50      0.00      2.50     82.00
03:57:16        all      4.50      0.00      2.00      0.00      0.50     93.00
03:57:17        all      6.53      0.00      2.01      0.00      1.01     90.45
03:57:18        all      9.41      0.00      3.96      0.00      3.96     82.67
03:57:19        all     33.83      0.00      7.46      0.00      4.48     54.23
03:57:20        all      6.53      0.00      2.51      0.00      3.02     87.94
03:57:21        all      1.00      0.00      1.50      0.00      0.50     97.00
03:57:22        all      2.51      0.00      1.01      0.00      2.51     93.97
03:57:23        all     12.81      0.00      2.96      0.00      3.94     80.30
03:57:24        all     50.50      0.00     11.00      0.50      6.00     32.00
03:57:25        all      7.50      0.00      4.00      0.00      2.50     86.00
03:57:26        all      7.04      0.00      3.02      0.00      3.52     86.43
03:57:27        all      6.50      0.00      2.50      0.00      4.00     87.00
03:57:28        all      7.04      0.00      4.02      0.00      1.51     87.44
03:57:29        all     34.80      0.00      6.86      0.00     12.75     45.59
03:57:30        all      5.47      0.00      2.99      0.00      2.99     88.56
03:57:31        all      3.52      0.00      2.01      0.00      2.51     91.96
03:57:32        all      3.00      0.00      1.50      0.00      1.50     94.00
03:57:33        all      5.42      0.00      2.46      0.00      4.43     87.68
03:57:34        all     53.77      0.00     11.06      0.00      2.01     33.17
03:57:35        all     10.40      0.00      4.46      0.00      0.99     84.16
03:57:36        all      7.00      0.00      3.00      0.00      2.50     87.50
03:57:37        all      6.97      0.00      2.49      0.00      3.48     87.06
03:57:38        all      4.02      0.00      2.01      0.00      2.51     91.46
03:57:39        all     44.28      0.00     12.44      0.00     12.94     30.35
03:57:40        all      8.46      0.00      4.98      0.00      1.00     85.57
03:57:41        all      6.00      0.00      3.00      0.00      1.00     90.00
03:57:42        all      2.99      0.00      1.49      0.00      1.49     94.03
03:57:43        all      2.50      0.00      1.00      0.00      0.50     96.00
03:57:44        all     39.00      0.00     12.00      0.00      8.50     40.50
03:57:45        all     30.81      0.00      7.07      0.51      2.02     59.60
03:57:46        all      7.50      0.00      2.00      0.00      2.00     88.50
03:57:47        all      3.96      0.00      2.48      0.00      4.46     89.11
03:57:48        all      7.43      0.00      2.97      0.00      1.98     87.62
03:57:49        all     23.15      0.00      8.87      0.00     13.30     54.68
03:57:50        all     27.18      0.00      6.80      0.00      8.25     57.77
03:57:51        all      4.95      0.00      3.47      0.00      5.45     86.14
03:57:52        all      2.51      0.00      1.51      0.00      0.50     95.48
03:57:53        all      2.50      0.00      2.00      0.00      1.00     94.50
03:57:54        all     26.09      0.00      4.83      0.00     10.14     58.94
03:57:55        all     37.38      0.00     15.05      0.00     15.05     32.52
03:57:56        all     14.57      0.00      4.52      0.00      5.03     75.88
03:57:57        all      3.96      0.00      1.98      0.00      1.98     92.08
03:57:58        all      9.50      0.00      2.50      0.00      3.50     84.50
03:57:59        all      4.52      0.00      2.01      0.00      2.01     91.46
03:58:00        all     37.56      0.00      6.83      0.00     16.59     39.02
03:58:01        all      9.95      0.00      3.98      0.00      2.49     83.58
03:58:02        all      7.39      0.00      3.45      0.00      1.48     87.68
03:58:03        all      1.50      0.00      1.00      0.00      0.50     97.00
03:58:04        all      2.99      0.00      2.49      0.00      1.49     93.03
03:58:05        all     40.49      0.00     12.20      0.00     15.61     31.71
03:58:06        all     41.18      0.00     15.20      0.00     13.24     30.39
03:58:07        all     16.83      0.00      5.45      0.00      6.93     70.79
03:58:08        all      4.93      0.00      2.46      0.00      4.43     88.18
03:58:09        all      7.96      0.00      3.98      0.00      5.47     82.59
03:58:10        all      8.46      0.00      4.98      0.00     10.45     76.12
03:58:11        all     27.40      0.00      5.77      0.00     18.27     48.56
03:58:12        all     17.33      0.00      5.45      0.00     10.40     66.83
03:58:13        all      4.02      0.00      2.01      0.00      1.51     92.46
03:58:14        all      3.48      0.00      1.00      0.00      2.49     93.03
03:58:15        all      3.48      0.00      1.00      0.50      3.98     91.04
03:58:16        all     27.59      0.00      5.42      0.00      9.85     57.14
03:58:17        all     42.00      0.00     17.50      0.00      8.50     32.00
03:58:18        all      7.73      0.00      4.35      0.00      6.28     81.64
03:58:19        all      5.03      0.00      2.01      0.00      2.01     90.95
03:58:20        all      6.53      0.00      3.52      0.00      1.51     88.44
03:58:21        all     14.36      0.00      4.95      0.00      2.48     78.22
03:58:22        all     35.32      0.00      6.47      0.00      3.98     54.23
03:58:23        all      5.53      0.00      2.51      0.00      1.01     90.95
03:58:24        all      2.99      0.00      1.49      0.00      1.99     93.53
03:58:25        all      2.00      0.00      0.50      0.00      2.00     95.50
03:58:26        all     16.92      0.00      4.98      0.00      5.97     72.14
03:58:27        all     45.92      0.00     13.78      0.00      0.00     40.31
03:58:28        all      6.40      0.00      3.45      0.00      2.46     87.68
03:58:29        all      4.50      0.00      2.50      0.00      2.50     90.50
03:58:30        all      4.46      0.00      2.97      0.00      3.47     89.11
03:58:31        all      6.03      0.00      2.01      0.00      0.50     91.46
03:58:32        all     57.29      0.00     17.09      0.00      7.54     18.09
03:58:33        all     12.81      0.00      6.40      0.00      8.87     71.92
03:58:34        all      7.54      0.00      2.01      0.00      1.51     88.94
03:58:35        all      2.49      0.00      0.50      0.00      1.99     95.02
03:58:36        all      3.50      0.00      1.50      0.00      2.50     92.50
03:58:37        all     43.78      0.00      7.96      0.00      6.47     41.79
03:58:38        all     46.73      0.00     23.62      0.00      7.04     22.61
03:58:39        all     17.50      0.00      9.00      0.00      4.50     69.00
03:58:40        all      2.99      0.00      1.49      0.00      5.97     89.55
03:58:41        all      3.02      0.00      1.01      0.50      0.50     94.97
03:58:42        all      6.22      0.00      4.31      0.00     13.40     76.08
03:58:43        all     51.46      0.00     15.53      0.00     13.11     19.90
03:58:44        all     13.46      0.00      6.25      0.00     13.46     66.83
03:58:45        all      4.50      0.00      1.50      0.00      4.50     89.50
03:58:46        all      0.50      0.00      1.00      0.00      1.50     97.00
03:58:47        all      2.50      0.00      2.00      0.00      1.00     94.50
03:58:48        all     45.05      0.00      7.92      0.00      2.48     44.55
03:58:49        all     39.30      0.00     16.92      0.00     11.44     32.34
03:58:50        all     20.59      0.00      9.31      0.00     11.27     58.82
03:58:51        all      3.52      0.00      1.51      0.50      1.01     93.47
03:58:52        all      5.00      0.00      3.00      0.00      2.00     90.00
03:58:53        all      8.96      0.00      3.48      0.00      1.99     85.57
03:58:54        all     36.45      0.00      5.91      0.00      7.88     49.75
03:58:55        all      9.50      0.00      4.00      0.00      0.50     86.00
03:58:56        all      2.51      0.00      1.01      0.00      0.50     95.98
03:58:57        all      2.99      0.00      1.99      0.00      1.00     94.03
03:58:58        all      4.02      0.00      2.01      0.00      2.01     91.96
03:58:59        all     44.22      0.00      9.55      0.00      3.52     42.71
03:59:00        all     30.96      0.00     11.68      0.00      2.03     55.33
03:59:01        all      8.42      0.00      3.96      0.50      2.97     84.16
03:59:02        all      4.52      0.00      2.01      0.00      3.52     89.95
03:59:03        all      4.46      0.00      1.49      0.00      3.47     90.59
03:59:04        all     29.21      0.00      5.94      0.00      8.42     56.44
03:59:05        all     21.21      0.00      5.56      0.00      0.51     72.73
03:59:06        all      6.50      0.00      3.00      0.00      2.00     88.50
03:59:07        all      3.00      0.00      1.00      0.00      0.50     95.50
03:59:08        all      2.00      0.00      1.50      0.00      1.50     95.00
03:59:09        all     23.90      0.00      4.39      0.00     15.61     56.10
03:59:10        all     30.81      0.00      9.00      0.00     13.27     46.92
03:59:11        all      4.04      0.00      1.52      0.00      2.02     92.42
03:59:12        all      3.52      0.00      2.01      0.50      2.51     91.46
03:59:13        all      5.00      0.00      2.00      0.00      4.50     88.50
03:59:14        all      9.00      0.00      5.00      0.00      2.00     84.00
03:59:15        all     33.33      0.00      5.88      0.00      8.33     52.45
03:59:16        all      3.03      0.00      2.02      0.00      1.01     93.94
03:59:17        all      9.41      0.00      2.48      0.00      0.99     87.13
03:59:18        all      1.51      0.00      0.00      0.00      1.01     97.49
03:59:19        all     20.00      0.00      4.50      0.00      0.50     75.00
03:59:20        all     43.72      0.00     12.56      0.00      1.01     42.71
03:59:21        all      4.06      0.00      1.02      0.00      1.02     93.91
03:59:22        all      8.50      0.00      3.50      0.00      3.50     84.50
03:59:23        all      7.04      0.00      2.01      0.00      1.51     89.45
03:59:24        all      9.45      0.00      3.48      0.00      1.00     86.07
03:59:25        all     33.33      0.00      7.73      0.00     15.94     43.00
03:59:26        all      2.51      0.00      1.01      0.00      1.51     94.97
03:59:27        all      5.00      0.00      2.50      0.00      1.50     91.00
03:59:28        all      6.57      0.00      2.02      0.00      3.54     87.88
03:59:29        all      7.04      0.00      1.01      0.00      1.01     90.95
03:59:30        all     41.43      0.00      9.05      0.00     12.86     36.67
03:59:31        all      7.96      0.00      4.48      0.00      2.49     85.07
03:59:32        all      4.02      0.00      1.01      0.50      1.51     92.96
03:59:33        all      4.02      0.00      1.51      0.00      0.50     93.97
03:59:34        all     10.61      0.00      4.04      0.00      1.01     84.34
03:59:35        all     34.48      0.00      6.90      0.00      7.88     50.74
03:59:36        all      4.90      0.00      2.45      0.00      2.94     89.71
03:59:37        all      2.49      0.00      2.99      0.00      1.49     93.03
03:59:38        all      8.50      0.00      2.00      0.00      1.00     88.50
03:59:39        all      3.47      0.00      0.99      0.00      1.98     93.56
03:59:40        all     41.58      0.00      8.42      0.00      9.90     40.10
03:59:41        all     27.50      0.00      9.50      0.00      3.00     60.00
03:59:42        all      1.49      0.00      1.49      0.50      0.50     96.02
03:59:43        all      7.04      0.00      2.51      0.00      1.01     89.45
03:59:44        all      4.50      0.00      2.00      0.00      4.50     89.00
03:59:45        all     20.77      0.00      8.21      0.00     14.01     57.00
03:59:46        all     40.10      0.00      9.41      0.00      4.95     45.54
03:59:47        all      1.00      0.00      1.49      0.00      0.50     97.01
03:59:48        all      2.97      0.00      1.98      0.00      1.49     93.56
03:59:49        all      5.00      0.00      3.50      0.00      1.50     90.00
03:59:50        all     22.17      0.00      4.93      0.00      7.88     65.02
03:59:51        all     37.93      0.00     11.33      0.00     11.33     39.41
03:59:52        all      3.98      0.00      1.49      0.00      1.99     92.54
03:59:53        all      1.99      0.00      1.99      0.00      1.00     95.02
03:59:54        all      3.94      0.00      2.46      0.00      4.43     89.16
03:59:55        all      4.55      0.00      1.52      0.00      2.53     91.41
03:59:56        all     56.28      0.00     15.58      0.00      2.01     26.13
03:59:57        all      5.50      0.00      2.50      0.00      1.50     90.50
03:59:58        all      1.99      0.00      1.00      0.00      1.49     95.52
03:59:59        all      6.50      0.00      3.50      0.00      0.50     89.50
04:00:00        all      3.47      0.00      2.97      0.00      1.49     92.08
04:00:01        all     38.61      0.00      9.41      0.00      8.42     43.56
04:00:02        all      9.00      0.00      3.00      0.00      2.50     85.50
04:00:03        all      0.50      0.00      0.50      0.50      0.00     98.51
04:00:04        all      2.99      0.00      1.49      0.00      3.48     92.04
04:00:05        all      3.50      0.00      1.50      0.00      1.00     94.00
04:00:06        all     33.67      0.00      7.54      0.00      7.04     51.76
04:00:07        all     29.06      0.00     12.32      0.00      5.42     53.20
04:00:08        all     11.39      0.00      5.45      0.50      3.96     78.71
04:00:09        all      3.03      0.00      1.52      0.00      2.02     93.43
04:00:10        all      4.98      0.00      1.99      0.00      1.00     92.04
04:00:11        all      2.97      0.00      1.49      0.00      1.98     93.56
04:00:12        all     41.62      0.00     10.15      0.00      2.54     45.69
04:00:13        all      4.52      0.00      2.01      0.00      0.00     93.47
04:00:14        all      1.50      0.00      1.50      0.00      1.50     95.50
04:00:15        all      0.50      0.00      0.50      0.00      0.50     98.51
04:00:16        all      2.01      0.00      1.51      0.00      0.50     95.98
04:00:17        all     24.50      0.00      4.50      0.00      8.00     63.00
04:00:18        all     25.87      0.00      6.97      0.00      1.00     66.17
04:00:19        all      3.47      0.00      1.98      0.00      2.48     92.08
04:00:20        all      4.02      0.00      1.51      0.00      2.01     92.46
04:00:21        all      3.43      0.00      1.96      0.00      2.45     92.16
04:00:22        all     34.83      0.00     10.45      0.00      1.00     53.73
04:00:23        all     13.73      0.00      6.37      0.49      3.92     75.49
04:00:24        all      3.05      0.00      2.54      0.00      3.55     90.86
04:00:25        all      3.02      0.00      1.01      0.00      2.51     93.47
04:00:26        all      2.50      0.00      1.00      0.00      1.50     95.00
04:00:27        all     20.10      0.00      5.39      0.00      9.80     64.71
04:00:28        all     11.88      0.00      3.96      0.00      5.45     78.71
04:00:29        all     36.32      0.00     15.42      0.00      1.49     46.77
04:00:30        all      4.50      0.00      3.00      0.00      1.50     91.00
04:00:31        all      3.98      0.00      1.49      0.00      1.00     93.53
04:00:32        all      2.51      0.00      0.50      0.00      1.01     95.98
04:00:33        all     23.27      0.00      1.49      0.00      6.44     68.81
04:00:34        all     39.41      0.00     21.18      0.49     11.82     27.09
04:00:35        all     34.83      0.00     16.42      0.00      4.48     44.28
04:00:36        all      4.48      0.00      2.99      0.00      1.00     91.54
04:00:37        all      5.97      0.00      1.49      0.00      1.99     90.55
04:00:38        all      1.98      0.00      2.97      0.00      4.95     90.10
04:00:39        all     20.00      0.00      7.80      0.00     16.10     56.10
04:00:40        all     56.22      0.00     21.39      0.00     12.44      9.95
04:00:41        all     13.37      0.00      6.93      0.00      7.43     72.28
04:00:42        all      7.07      0.00      2.53      0.00      2.53     87.88
04:00:43        all      2.01      0.00      0.50      0.00      0.50     96.98
04:00:44        all      3.02      0.00      1.01      0.50      2.01     93.47
04:00:45        all     43.35      0.00      7.88      0.00      9.36     39.41
04:00:46        all     49.49      0.00     22.73      0.00      8.08     19.70
04:00:47        all     21.67      0.00      9.85      0.00      5.42     63.05
04:00:48        all      5.94      0.00      2.48      0.00      3.47     88.12
04:00:49        all      1.99      0.00      1.00      0.00      1.99     95.02
04:00:50        all      8.46      0.00      4.48      0.00     10.95     76.12
04:00:51        all     30.24      0.00      7.80      0.00     12.20     49.76
04:00:52        all     15.58      0.00      4.02      0.00      5.53     74.87
04:00:53        all      4.52      0.00      1.01      0.00      0.50     93.97
04:00:54        all      1.46      0.00      0.98      0.49      5.85     91.22
04:00:55        all      2.54      0.00      1.02      0.00      0.00     96.45
04:00:56        all     35.82      0.00      6.47      0.00      6.97     50.75
04:00:57        all     50.26      0.00     20.00      0.00      4.10     25.64
04:00:58        all     15.35      0.00      5.45      0.00      0.50     78.71
04:00:59        all      4.55      0.00      2.02      0.00      0.00     93.43
04:01:00        all      2.49      0.00      2.49      0.00      1.00     94.03
04:01:01        all     12.25      0.00      6.37      0.00      6.37     75.00
04:01:02        all     39.71      0.00     11.27      0.00     14.71     34.31
04:01:03        all     17.41      0.00      4.48      0.00      6.97     71.14
04:01:04        all      1.51      0.00      0.50      0.00      1.51     96.48
04:01:05        all      3.54      0.00      1.01      0.00      3.54     91.92
04:01:06        all      3.96      0.00      1.98      0.00      1.98     92.08
04:01:07        all     30.10      0.00      7.28      0.00     15.53     47.09
04:01:08        all     43.78      0.00     14.93      0.00      8.96     32.34
04:01:09        all     10.10      0.00      4.55      0.00      1.52     83.84
04:01:10        all      3.98      0.00      1.99      0.00      2.49     91.54
04:01:11        all      5.91      0.00      2.46      0.00      6.90     84.73
04:01:12        all      8.50      0.00      4.00      0.00      4.00     83.50
04:01:13        all     44.12      0.00     13.24      0.00     15.69     26.96
04:01:14        all     21.61      0.00      5.53      0.00      9.05     63.82
04:01:15        all      1.00      0.00      1.00      1.00      0.50     96.50
04:01:16        all      2.50      0.00      2.00      0.00      1.50     94.00
04:01:17        all      4.98      0.00      1.99      0.00      4.98     88.06
04:01:18        all     33.00      0.00      7.39      0.00     11.33     48.28
04:01:19        all     37.13      0.00     17.33      0.00     13.86     31.68
04:01:20        all     20.59      0.00      7.35      0.00     14.71     57.35
04:01:21        all      4.00      0.00      1.00      0.00      2.00     93.00
04:01:22        all      8.42      0.00      3.47      0.00      2.48     85.64
04:01:23        all      7.50      0.00      3.00      0.00      4.00     85.50
04:01:24        all     35.50      0.00      6.50      0.00      9.00     49.00
04:01:25        all     20.40      0.00      5.97      0.00      7.96     65.67
04:01:26        all      2.00      0.00      0.50      0.00      1.00     96.50
04:01:27        all      4.04      0.00      1.01      0.00      1.52     93.43
04:01:28        all      3.98      0.00      2.49      0.00      2.99     90.55
04:01:29        all     30.00      0.00      6.50      0.00      7.50     56.00
04:01:30        all     46.77      0.00     18.41      0.00      7.96     26.87
04:01:31        all     36.27      0.00     21.08      0.00     14.22     28.43
04:01:32        all      5.03      0.00      1.51      0.00      0.50     92.96
04:01:33        all      6.03      0.00      2.51      0.00      0.50     90.95
04:01:34        all      8.50      0.00      4.50      0.00      7.00     80.00
04:01:35        all     11.39      0.00      1.98      0.00      3.96     82.67
04:01:36        all     37.62      0.00      6.93      0.00     14.36     41.09
04:01:37        all      4.00      0.00      2.00      0.00      2.00     92.00
04:01:38        all      3.47      0.00      1.49      0.00      3.47     91.58
04:01:39        all      5.97      0.00      2.49      0.00      3.48     88.06
04:01:40        all     11.33      0.00      1.97      0.49      8.37     77.83
04:01:41        all     40.20      0.00     20.59      0.00     17.16     22.06
04:01:42        all     42.86      0.00     20.20      0.00     22.17     14.78
04:01:43        all     32.66      0.00     14.07      0.00      2.01     51.26
04:01:44        all      3.57      0.00      2.55      0.00      0.51     93.37
04:01:45        all     11.33      0.00      5.42      0.00     11.82     71.43
04:01:46        all      6.03      0.00      1.01      0.00      2.01     90.95
04:01:47        all     16.92      0.00      4.48      0.00      4.48     74.13
04:01:48        all     26.83      0.00      6.34      0.00      6.83     60.00
04:01:49        all      3.48      0.00      1.00      0.00      2.49     93.03
04:01:50        all      3.96      0.00      3.47      0.00      4.95     87.62
04:01:51        all      2.01      0.00      0.50      0.00      1.01     96.48
04:01:52        all     21.26      0.00      2.42      0.00      9.66     66.67
04:01:53        all     36.76      0.00     15.20      0.00     13.24     34.80
04:01:54        all      3.96      0.00      2.97      0.00      1.49     91.58
04:01:55        all     10.00      0.00      3.00      0.00      2.50     84.50
04:01:56        all      6.03      0.00      4.02      0.00     12.06     77.89
04:01:57        all      2.45      0.00      0.98      0.00      0.49     96.08
04:01:58        all     38.83      0.00      8.74      0.00     18.45     33.98
04:01:59        all      6.44      0.00      2.97      0.00      3.96     86.63
04:02:00        all      5.37      0.00      1.95      0.00      8.29     84.39
04:02:01        all      4.50      0.00      2.00      0.00      5.50     88.00
04:02:02        all      3.50      0.00      1.50      0.00      5.00     90.00
04:02:03        all     35.12      0.00      7.80      0.00     19.02     38.05
04:02:04        all     38.83      0.00     13.59      0.00     20.39     27.18
04:02:05        all     27.80      0.00     13.17      0.00     14.15     44.88
04:02:06        all      6.53      0.00      5.03      0.00      3.52     84.92
04:02:07        all      6.47      0.00      2.49      0.00      2.49     88.56
04:02:08        all      1.51      0.00      0.50      0.00      0.50     97.49
04:02:09        all     16.18      0.00      2.94      0.00      4.41     76.47
04:02:10        all     28.36      0.00      4.98      0.00      4.98     61.69
04:02:11        all      2.99      0.00      1.49      0.00      1.99     93.53
04:02:12        all      2.49      0.00      1.00      0.00      1.00     95.52
04:02:13        all      5.97      0.00      2.49      0.00      5.47     86.07
04:02:14        all     16.75      0.00      1.97      0.00      8.87     72.41
04:02:15        all     34.95      0.00     11.65      0.00     18.45     34.95
04:02:16        all     15.92      0.00      5.97      0.50      5.47     72.14
04:02:17        all     10.89      0.00      4.95      0.00      3.47     80.69
04:02:18        all      2.50      0.00      0.50      0.00      1.00     96.00
04:02:19        all      3.52      0.00      1.51      0.00      1.01     93.97
04:02:20        all     31.82      0.00      4.55      0.00      5.56     58.08
04:02:21        all      8.91      0.00      3.47      0.00      1.98     85.64
04:02:22        all      3.96      0.00      3.47      0.00      1.49     91.09
04:02:23        all      3.00      0.00      1.50      0.00      1.50     94.00
04:02:24        all      5.97      0.00      3.48      0.00      2.49     88.06
04:02:25        all     42.71      0.00      9.55      0.00      0.50     47.24
04:02:26        all     31.66      0.00      6.53      0.50      0.50     60.80
04:02:27        all      7.35      0.00      4.41      0.00      2.94     85.29
04:02:28        all      8.82      0.00      4.41      0.00      7.35     79.41
04:02:29        all      2.50      0.00      1.00      0.00      2.00     94.50
04:02:30        all     21.57      0.00      3.92      0.00      7.35     67.16
04:02:31        all     27.23      0.00      5.45      0.00      6.93     60.40
04:02:32        all      2.48      0.00      1.98      0.00      0.99     94.55
04:02:33        all      2.49      0.00      2.49      0.00      0.50     94.53
04:02:34        all      3.98      0.00      1.49      0.00      1.00     93.53
04:02:35        all     27.14      0.00      4.52      0.00      3.02     65.33
04:02:36        all     38.12      0.00     12.38      0.00      6.93     42.57
04:02:37        all      4.50      0.00      2.00      0.00      1.00     92.50
04:02:38        all     13.00      0.00      4.50      0.00      8.00     74.50
04:02:39        all      3.50      0.00      1.00      0.00      2.00     93.50
04:02:40        all      0.50      0.00      0.50      0.00      0.00     99.00
04:02:41        all     35.29      0.00      9.31      0.00     17.16     38.24
04:02:42        all      7.46      0.00      2.99      0.00      4.98     84.58
04:02:43        all      6.34      0.00      3.90      0.00     10.73     79.02
04:02:44        all      3.50      0.00      1.00      0.00      2.50     93.00
04:02:45        all      3.52      0.00      1.01      0.00      2.51     92.96
04:02:46        all     47.03      0.00      8.91      0.00     18.81     25.25
04:02:47        all     42.00      0.00     15.00      0.50      4.50     38.00
04:02:48        all      4.50      0.00      3.00      0.00      1.50     91.00
04:02:49        all     10.78      0.00      4.90      0.00      7.35     76.96
04:02:50        all      6.97      0.00      2.99      0.00      3.98     86.07
04:02:51        all      0.00      0.00      0.50      0.00      0.50     99.00
04:02:52        all     37.14      0.00      7.62      0.00     15.24     40.00
04:02:53        all      7.43      0.00      2.48      0.00      0.99     89.11
04:02:54        all      3.00      0.00      1.00      0.00      2.00     94.00
04:02:55        all      2.97      0.00      2.97      0.00      1.98     92.08
04:02:56        all      3.48      0.00      1.49      0.00      1.49     93.53
04:02:57        all     34.76      0.00      7.14      0.48     21.43     36.19
04:02:58        all     27.36      0.00      7.46      0.00     13.93     51.24
04:02:59        all      5.00      0.00      3.50      0.00      5.00     86.50
04:03:00        all     12.25      0.00      5.88      0.00      4.41     77.45
04:03:01        all      6.50      0.00      3.00      0.00      2.50     88.00
04:03:02        all      2.99      0.00      0.50      0.00      1.49     95.02
04:03:03        all     38.73      0.00      8.33      0.00     17.65     35.29
04:03:04        all      3.92      0.00      2.45      0.00      1.96     91.67
04:03:05        all      5.31      0.00      3.38      0.00     13.04     78.26
04:03:06        all      3.92      0.00      2.45      0.00      8.33     85.29
04:03:07        all      5.26      0.00      4.31      0.48     15.79     74.16
04:03:08        all     49.26      0.00      9.85      0.00     13.30     27.59
04:03:09        all     42.00      0.00     18.00      0.00      9.00     31.00
04:03:10        all     23.27      0.00     12.38      0.00      8.91     55.45
04:03:11        all      5.47      0.00      2.99      0.00      5.97     85.57
04:03:12        all      9.45      0.00      4.98      0.00      3.48     82.09
04:03:13        all      3.47      0.00      2.48      0.00      3.47     90.59
04:03:14        all     23.53      0.00      5.39      0.00     10.29     60.78
04:03:15        all     23.00      0.00      6.50      0.00      9.00     61.50
04:03:16        all      2.99      0.00      1.00      0.00      1.99     94.03
04:03:17        all      2.00      0.00      2.00      0.50      1.50     94.00
04:03:18        all      3.47      0.00      1.49      0.00      2.97     92.08
04:03:19        all     25.87      0.00      5.97      0.00      5.47     62.69
04:03:20        all     42.29      0.00     11.94      0.00      2.49     43.28
04:03:21        all      3.02      0.00      0.50      0.00      1.51     94.97
04:03:22        all      4.46      0.00      1.49      0.00      4.46     89.60
04:03:23        all     14.43      0.00      8.96      0.00      6.47     70.15
04:03:24        all      2.53      0.00      0.00      0.00      0.00     97.47
04:03:25        all     37.81      0.00      5.97      0.00      2.99     53.23
04:03:26        all      3.50      0.00      1.50      0.00      1.00     94.00
04:03:27        all      2.50      0.00      1.50      0.00      1.00     95.00
04:03:28        all      7.43      0.00      2.97      0.00      3.96     85.64
04:03:29        all     12.20      0.00      3.90      0.00      4.88     79.02
04:03:30        all     48.48      0.00     13.64      0.00     11.11     26.77
04:03:31        all     41.58      0.00     19.80      0.00      6.93     31.68
04:03:32        all      6.50      0.00      2.50      0.00      2.00     89.00
04:03:33        all      5.00      0.00      2.50      0.50      1.50     90.50
04:03:34        all      9.50      0.00      4.50      0.00      5.00     81.00
04:03:35        all      5.97      0.00      3.48      0.00      5.47     85.07
04:03:36        all     31.25      0.00      7.21      0.00     19.71     41.83
04:03:37        all     15.50      0.00      4.00      0.00      1.00     79.50
04:03:38        all      3.00      0.00      1.00      0.00      4.50     91.50
04:03:39        all      2.93      0.00      2.93      0.00      1.95     92.20
04:03:40        all      1.52      0.00      0.00      0.00      3.03     95.45
04:03:41        all     23.94      0.00      7.51      0.00     21.13     47.42
04:03:42        all     43.56      0.00     12.38      0.00     12.38     31.68
04:03:43        all     16.34      0.00      5.45      0.50     12.87     64.85
04:03:44        all      5.42      0.00      4.43      0.00      9.85     80.30
04:03:45        all      9.85      0.00      4.43      0.00      6.40     79.31
04:03:46        all      3.03      0.00      1.52      0.00      1.52     93.94
04:03:47        all     15.69      0.00      4.41      0.00      6.86     73.04
04:03:48        all     19.50      0.00      2.50      0.00      3.00     75.00
04:03:49        all      5.00      0.00      3.00      0.00      3.00     89.00
04:03:50        all      6.47      0.00      3.48      0.00      4.48     85.57
04:03:51        all      4.48      0.00      2.99      0.00      1.99     90.55
04:03:52        all     23.38      0.00      3.98      0.00      6.47     66.17
04:03:53        all     38.65      0.00     14.49      0.00     20.29     26.57
04:03:54        all     18.09      0.00      8.54      0.00      2.01     71.36
04:03:55        all      3.98      0.00      1.99      0.00      3.98     90.05
04:03:56        all      9.60      0.00      4.04      0.00      2.02     84.34
04:03:57        all     11.94      0.00      3.98      0.00      2.49     81.59
04:03:58        all     33.17      0.00      4.52      0.00      5.03     57.29
04:03:59        all      4.06      0.00      0.51      0.00      1.52     93.91
04:04:00        all      3.48      0.00      1.49      0.00      2.49     92.54
04:04:01        all      2.53      0.00      1.01      0.00      1.01     95.45
04:04:02        all      2.50      0.00      2.50      0.00      1.50     93.50
04:04:03        all     37.31      0.00      6.97      1.49      8.46     45.77
04:04:04        all     28.57      0.00      9.85      0.00      3.94     57.64
04:04:05        all      2.01      0.00      0.00      0.00      0.50     97.49
04:04:06        all      2.99      0.00      1.00      0.00      0.00     96.02
04:04:07        all      9.00      0.00      4.50      0.00      2.50     84.00
04:04:08        all     27.36      0.00      6.47      0.00      2.49     63.68
04:04:09        all     24.87      0.00      6.60      0.00      1.02     67.51
04:04:10        all      3.48      0.00      2.99      0.00      1.99     91.54
04:04:11        all      3.00      0.00      1.00      0.00      2.00     94.00
04:04:12        all      2.97      0.00      1.49      0.00      0.99     94.55
04:04:13        all     23.23      0.00      4.55      0.00      8.59     63.64
04:04:14        all     50.00      0.00     29.38      0.00      2.58     18.04
04:04:15        all     49.50      0.00     19.80      0.00      9.41     21.29
04:04:16        all     17.41      0.00      7.96      0.00      8.46     66.17
04:04:17        all      1.01      0.00      0.00      0.00      1.01     97.98
04:04:18        all      7.39      0.00      3.94      0.00      5.42     83.25
04:04:19        all     10.45      0.00      5.97      0.00      4.98     78.61
04:04:20        all     28.22      0.00      8.42      0.00     10.40     52.97
04:04:21        all     24.88      0.00      8.29      0.00     13.66     53.17
04:04:22        all      1.50      0.00      1.00      0.00      1.50     96.00
04:04:23        all      1.99      0.00      1.00      0.00      1.49     95.52
04:04:24        all      2.97      0.00      2.48      0.00      4.46     90.10
04:04:25        all     16.26      0.00      2.46      0.00     10.34     70.94
04:04:26        all     43.75      0.00     12.50      0.00     15.87     27.88
04:04:27        all     24.75      0.00     10.89      0.00      5.94     58.42
04:04:28        all      0.50      0.00      0.50      0.00      0.50     98.50
04:04:29        all      3.54      0.00      3.54      0.00      1.52     91.41
04:04:30        all      2.99      0.00      1.49      0.00      2.49     93.03
04:04:31        all     20.10      0.00      5.88      0.00     14.71     59.31
04:04:32        all     22.97      0.00      3.83      0.00     16.75     56.46
04:04:33        all      0.50      0.00      0.00      0.00      1.01     98.49
04:04:34        all      1.00      0.00      0.00      0.50      0.50     98.00
04:04:35        all      6.00      0.00      3.00      0.00      3.50     87.50
04:04:36        all     24.02      0.00      9.31      0.00     14.22     52.45
04:04:37        all     37.81      0.00     25.37      0.00     16.42     20.40
04:04:38        all     51.02      0.00     20.92      0.00      5.10     22.96
04:04:39        all      4.52      0.00      2.01      0.00      0.50     92.96
04:04:40        all      2.01      0.00      1.01      0.00      1.01     95.98
04:04:41        all      7.88      0.00      3.94      0.00      5.42     82.76
04:04:42        all      9.36      0.00      3.45      0.00      8.87     78.33
04:04:43        all     51.50      0.00     19.50      0.00     11.50     17.50
04:04:44        all     41.03      0.00     17.44      0.00      5.13     36.41
04:04:45        all      1.01      0.00      0.51      0.00      0.00     98.48
04:04:46        all      1.00      0.00      1.00      0.00      0.50     97.50
04:04:47        all      4.46      0.00      1.98      0.00      1.98     91.58
04:04:48        all     13.66      0.00      2.93      0.00      7.80     75.61
04:04:49        all     52.04      0.00      7.65      0.00      9.69     30.61
04:04:50        all     39.70      0.00     10.55      0.50      0.50     48.74
04:04:51        all      0.51      0.00      0.00      0.00      0.00     99.49
04:04:52        all      0.50      0.00      0.00      0.00      1.00     98.50
04:04:53        all      4.00      0.00      1.00      0.00      0.00     95.00
04:04:54        all      6.06      0.00      4.55      0.00      1.01     88.38
04:04:55        all     44.72      0.00     11.06      0.00      0.50     43.72
04:04:56        all      1.99      0.00      1.49      0.00      0.50     96.02
04:04:57        all      0.51      0.00      0.51      0.00      0.00     98.99
04:04:58        all      1.49      0.00      1.00      0.00      1.49     96.02
04:04:59        all     24.15      0.00      8.70      0.00     11.11     56.04
04:05:00        all     44.06      0.00     20.79      0.00     15.35     19.80
04:05:01        all     46.77      0.00     18.91      0.00     15.42     18.91
04:05:02        all     17.96      0.00      6.80      0.00      4.85     70.39
04:05:03        all      3.43      0.00      1.96      0.00      6.37     88.24
04:05:04        all      2.02      0.00      1.01      0.00      2.02     94.95
04:05:05        all      3.48      0.00      1.49      0.00      1.49     93.53
04:05:06        all     36.14      0.00     12.87      0.00     17.33     33.66
04:05:07        all     46.08      0.00     16.67      0.00     23.53     13.73
04:05:08        all     14.57      0.00      5.03      0.00      8.54     71.86
04:05:09        all      3.43      0.00      1.96      0.00      3.43     91.18
04:05:10        all      4.02      0.00      2.01      0.00      1.01     92.96
04:05:11        all      7.46      0.00      1.99      0.00      3.48     87.06
04:05:12        all     40.28      0.00      3.79      0.00     12.32     43.60
04:05:13        all     34.95      0.00     14.08      0.00      1.46     49.51
04:05:14        all      1.00      0.00      0.00      0.00      0.00     99.00
04:05:15        all      0.00      0.00      0.00      0.00      0.50     99.50
04:05:16        all      2.49      0.00      1.99      0.00      2.49     93.03
04:05:17        all     14.00      0.00      2.50      0.00      2.00     81.50
04:05:18        all     46.91      0.00     12.37      0.00      6.70     34.02
04:05:19        all      5.42      0.00      2.46      0.00      3.45     88.67
04:05:20        all      1.00      0.00      1.00      0.50      1.00     96.50
04:05:21        all      1.52      0.00      0.00      0.00      1.01     97.47
04:05:22        all     12.32      0.00      3.94      0.00      9.36     74.38
04:05:23        all     55.00      0.00     11.00      0.00     11.50     22.50
04:05:24        all     41.26      0.00     19.90      0.00     16.02     22.82
04:05:25        all     21.78      0.00      8.42      0.00      3.47     66.34
04:05:26        all      2.50      0.00      1.00      0.00      0.50     96.00
04:05:27        all      6.06      0.00      1.52      0.00      1.01     91.41
04:05:28        all      1.99      0.00      1.00      0.00      1.99     95.02
04:05:29        all     26.37      0.00      4.98      0.00      7.96     60.70
04:05:30        all     44.50      0.00     18.50      0.00     10.00     27.00
04:05:31        all      9.09      0.00      5.05      0.00      0.51     85.35
04:05:32        all      3.98      0.00      2.49      0.00      4.48     89.05
04:05:33        all      4.55      0.00      1.01      0.00      0.51     93.94
04:05:34        all     10.45      0.00      1.00      0.00      3.48     85.07
04:05:35        all     36.19      0.00      7.14      0.00     13.33     43.33
04:05:36        all     32.34      0.00      9.95      0.50      7.46     49.75
04:05:37        all      2.48      0.00      0.50      0.00      0.99     96.04
04:05:38        all      0.50      0.00      0.00      0.00      0.00     99.50
04:05:39        all      1.00      0.00      0.00      0.00      0.00     99.00
04:05:40        all     11.62      0.00      2.02      0.00      2.02     84.34
04:05:41        all     51.49      0.00     17.82      0.00     15.84     14.85
04:05:42        all     24.50      0.00      9.50      0.00      3.50     62.50
04:05:43        all      6.93      0.00      3.47      0.00      2.97     86.63
04:05:44        all      7.00      0.00      2.00      0.00      7.00     84.00
04:05:45        all      1.51      0.00      1.01      0.00      1.01     96.48
04:05:46        all     28.71      0.00      6.22      0.48     18.18     46.41
04:05:47        all     42.86      0.00      8.87      0.00     12.81     35.47
04:05:48        all     36.68      0.00     13.07      0.00      5.03     45.23
04:05:49        all      3.92      0.00      1.96      0.00      2.45     91.67
04:05:50        all      0.51      0.00      1.01      0.00      0.51     97.98
04:05:51        all      3.00      0.00      1.50      0.00      2.00     93.50
04:05:52        all      1.00      0.00      1.00      0.00      0.50     97.50
04:05:53        all     46.04      0.00     14.36      0.00     21.29     18.32
04:05:54        all     33.17      0.00      9.90      0.00     12.87     44.06
04:05:55        all      5.91      0.00      3.94      0.00      5.91     84.24
04:05:56        all      5.53      0.00      3.02      0.00      4.52     86.93
04:05:57        all      2.99      0.00      1.49      0.00      2.99     92.54
04:05:58        all     15.61      0.00      1.95      0.00      8.78     73.66
04:05:59        all     32.69      0.00      9.62      0.00     14.90     42.79
04:06:00        all     17.33      0.00      7.43      0.00      6.93     68.32
04:06:01        all      0.50      0.00      0.50      0.00      0.50     98.49
04:06:02        all      0.00      0.00      1.00      0.00      0.00     99.00
04:06:03        all      5.47      0.00      3.98      0.00      4.98     85.57
04:06:04        all     30.65      0.00      7.04      0.00     10.55     51.76
04:06:05        all     31.03      0.00     10.84      0.00     11.33     46.80
04:06:06        all      5.00      0.00      1.50      0.50      4.50     88.50
04:06:07        all      1.51      0.00      0.00      0.00      0.50     97.99
04:06:08        all      3.96      0.00      1.98      0.00      1.98     92.08
04:06:09        all     17.17      0.00      2.53      0.00      4.55     75.76
04:06:10        all     45.73      0.00     14.57      0.00      3.02     36.68
04:06:11        all     16.26      0.00      7.39      0.00     10.34     66.01
04:06:12        all      1.99      0.00      1.49      0.00      2.49     94.03
04:06:13        all      1.97      0.00      2.46      0.00      2.46     93.10
04:06:14        all      9.45      0.00      4.48      0.00      7.46     78.61
04:06:15        all     30.46      0.00      7.61      0.00      5.58     56.35
04:06:16        all     24.14      0.00      9.36      0.00      8.87     57.64
04:06:17        all      4.93      0.00      2.46      0.00      2.96     89.66
04:06:18        all      2.01      0.00      1.01      0.00      1.51     95.48
04:06:19        all      1.99      0.00      1.00      0.00      2.49     94.53
04:06:20        all     29.65      0.00      8.04      0.00     10.55     51.76
04:06:21        all     40.98      0.00     13.17      0.00     19.02     26.83
04:06:22        all     33.98      0.00     15.53      0.00     22.82     27.67
04:06:23        all     23.27      0.00     10.40      0.00     11.88     54.46
04:06:24        all      6.47      0.00      3.98      0.00      9.95     79.60
04:06:25        all      2.49      0.00      1.00      0.00      0.00     96.52
04:06:26        all      4.52      0.00      2.01      0.00      4.52     88.94
04:06:27        all     19.80      0.00      5.94      0.00      5.94     68.32
04:06:28        all     33.82      0.00      5.39      0.00     16.18     44.61
04:06:29        all      3.50      0.00      2.50      0.00      2.00     92.00
04:06:30        all      4.95      0.00      2.48      0.00      4.46     88.12
04:06:31        all      5.00      0.00      3.00      0.00      6.00     86.00
04:06:32        all     10.45      0.00      1.00      0.50      4.98     83.08
04:06:33        all     43.28      0.00     16.42      0.00      8.96     31.34
04:06:34        all     16.00      0.00      5.00      0.00      1.50     77.50
04:06:35        all      1.50      0.00      0.00      0.00      0.50     98.00
04:06:36        all      5.50      0.00      1.50      0.00      1.50     91.50
04:06:37        all      7.88      0.00      4.43      0.00      3.45     84.24
04:06:38        all     32.32      0.00     10.61      0.00     12.63     44.44
04:06:39        all     39.39      0.00     13.13      0.00     12.63     34.85
04:06:40        all      3.96      0.00      2.97      0.00      3.47     89.60
04:06:41        all      3.00      0.00      1.50      0.00      1.50     94.00
04:06:42        all      1.99      0.00      1.00      0.50      1.99     94.53
04:06:43        all     13.86      0.00      2.48      0.00      1.98     81.68
04:06:44        all     49.50      0.00      8.42      0.00     10.40     31.68
04:06:45        all     30.88      0.00      9.31      0.00     15.20     44.61
04:06:46        all     11.94      0.00      5.47      0.00      1.49     81.09
04:06:47        all      3.00      0.00      1.50      0.00      1.50     94.00
04:06:48        all      5.03      0.00      1.51      0.00      1.51     91.96
04:06:49        all      4.48      0.00      2.99      0.00      1.00     91.54
04:06:50        all     36.18      0.00      9.55      0.00     10.05     44.22
04:06:51        all     19.02      0.00      6.34      0.00      9.27     65.37
04:06:52        all      3.00      0.00      2.00      0.00      1.50     93.50
04:06:53        all      4.88      0.00      2.93      0.00      4.39     87.80
04:06:54        all      7.04      0.00      4.52      0.00      0.50     87.94
04:06:55        all     35.86      0.00      7.58      0.00      3.03     53.54
04:06:56        all     34.83      0.00     14.43      0.00      1.49     49.25
04:06:57        all      1.01      0.00      0.50      0.00      0.00     98.49
04:06:58        all      3.03      0.00      0.51      0.00      0.51     95.96
04:06:59        all      5.94      0.00      1.98      0.00      3.47     88.61
04:07:00        all     10.55      0.00      2.01      0.00      2.51     84.92
04:07:01        all     39.32      0.00     10.68      0.00     28.16     21.84
04:07:02        all     20.30      0.00      8.42      0.00      6.44     64.85
04:07:03        all      0.51      0.00      0.51      0.00      0.51     98.48
04:07:04        all      6.00      0.00      2.00      0.00      3.50     88.50
04:07:05        all      3.96      0.00      2.48      0.00      3.96     89.60
04:07:06        all     31.07      0.00     12.14      0.00     20.39     36.41
04:07:07        all     41.46      0.00     10.73      0.00     22.93     24.88
04:07:08        all     39.80      0.00     10.45      0.50      7.96     41.29
04:07:09        all      4.48      0.00      2.49      0.00      1.00     92.04
04:07:10        all      5.42      0.00      4.93      0.00      4.43     85.22
04:07:11        all      2.00      0.00      0.50      0.00      1.50     96.00
04:07:12        all      3.50      0.00      1.00      0.00      0.50     95.00
04:07:13        all     48.76      0.00     11.44      0.00     16.92     22.89
04:07:14        all     14.71      0.00      5.39      0.00      5.39     74.51
04:07:15        all      2.99      0.00      0.50      0.00      3.98     92.54
04:07:16        all      3.00      0.00      1.50      0.00      2.00     93.50
04:07:17        all      4.93      0.00      2.46      0.00      2.96     89.66
04:07:18        all     41.84      0.00      9.69      0.51      1.53     46.43
04:07:19        all     36.82      0.00     11.94      0.00      0.50     50.75
04:07:20        all      1.97      0.00      2.46      0.00      1.48     94.09
04:07:21        all      1.49      0.00      0.50      0.00      0.50     97.52
04:07:22        all      1.52      0.00      0.51      0.00      0.00     97.98
04:07:23        all     14.50      0.00      4.00      0.00      9.00     72.50
04:07:24        all     59.00      0.00     18.50      0.00     13.00      9.50
04:07:25        all     51.02      0.00     15.82      0.00      9.18     23.98
04:07:26        all      8.50      0.00      4.00      0.00      4.00     83.50
04:07:27        all      2.99      0.00      1.49      0.00      1.99     93.53
04:07:28        all      1.50      0.00      0.50      0.50      0.50     97.00
04:07:29        all     25.12      0.00      4.43      0.00      7.39     63.05
04:07:30        all     48.77      0.00      6.40      0.00     10.34     34.48
04:07:31        all     43.78      0.00      6.97      0.00      4.98     44.28
04:07:32        all     24.76      0.00      9.52      0.00      4.29     61.43
04:07:33        all      0.99      0.00      1.49      0.00      1.98     95.54
04:07:34        all      1.49      0.00      1.00      0.00      1.00     96.52
04:07:35        all      2.96      0.00      2.46      0.00      2.46     92.12
04:07:36        all     29.90      0.00      7.84      0.00      5.39     56.86
04:07:37        all     29.00      0.00      4.50      0.00      4.00     62.50
04:07:38        all      4.98      0.00      2.99      0.00      1.00     91.04
04:07:39        all      2.51      0.00      0.50      0.00      1.51     95.48
04:07:40        all      4.48      0.00      1.99      0.00      1.49     92.04
04:07:41        all     29.50      0.00      5.50      0.00      2.50     62.50
04:07:42        all     45.27      0.00     15.42      0.00      1.99     37.31
04:07:43        all      8.96      0.00      3.98      0.00      1.00     86.07
04:07:44        all      0.50      0.00      1.00      0.00      0.00     98.50
04:07:45        all      2.51      0.00      0.50      0.00      1.51     95.48
04:07:46        all      3.50      0.00      1.50      0.00      1.50     93.50
04:07:47        all     49.24      0.00      8.63      0.00      4.57     37.56
04:07:48        all     13.57      0.00      5.03      0.00      1.01     80.40
04:07:49        all      1.50      0.00      1.00      0.50      0.50     96.50
04:07:50        all      2.48      0.00      0.99      0.00      1.98     94.55
04:07:51        all      3.94      0.00      1.48      0.00      3.45     91.13
04:07:52        all     35.96      0.00      8.87      0.00     20.20     34.98
04:07:53        all     44.93      0.00     18.36      0.00     17.87     18.84
04:07:54        all     39.11      0.00     20.79      0.00     19.31     20.79
04:07:55        all     35.58      0.00     12.98      0.00     19.23     32.21
04:07:56        all      5.00      0.00      3.00      0.00      3.50     88.50
04:07:57        all      2.49      0.00      1.49      0.00      1.49     94.53
04:07:58        all      4.02      0.00      2.51      0.00      4.02     89.45
04:07:59        all     14.29      0.00      6.40      0.00      6.40     72.91
04:08:00        all     40.29      0.00      8.74      0.00     15.05     35.92
04:08:01        all      5.03      0.00      3.02      0.00      1.51     90.45
04:08:02        all      2.03      0.00      1.02      0.00      1.02     95.94
04:08:03        all      2.00      0.00      0.50      0.00      0.50     97.00
04:08:04        all      5.37      0.00      2.93      0.49      3.41     87.80
04:08:05        all     41.09      0.00      9.90      0.00      7.92     41.09
04:08:06        all     40.00      0.00     19.50      0.00      9.00     31.50
04:08:07        all     10.55      0.00      3.52      0.00      1.51     84.42
04:08:08        all      1.01      0.00      0.00      0.00      0.50     98.49
04:08:09        all      3.92      0.00      1.47      0.00      2.94     91.67
04:08:10        all      6.93      0.00      6.44      0.00      6.93     79.70
04:08:11        all     42.51      0.00     13.04      0.00     19.81     24.64
04:08:12        all     45.00      0.00     18.00      0.00     19.50     17.50
04:08:13        all      2.94      0.00      1.96      0.00      1.96     93.14
04:08:14        all      1.51      0.00      1.01      0.00      0.00     97.49
04:08:15        all      2.96      0.00      2.46      0.00      3.94     90.64
04:08:16        all      8.96      0.00      5.47      0.00      3.48     82.09
04:08:17        all     43.96      0.00     10.63      0.00     14.98     30.43
04:08:18        all     38.00      0.00     13.50      0.00     16.00     32.50
04:08:19        all     16.75      0.00      6.40      0.00      8.37     68.47
04:08:20        all      1.97      0.00      1.48      0.00      0.99     95.57
04:08:21        all      6.00      0.00      2.50      0.00      4.00     87.50
04:08:22        all     10.00      0.00      5.50      0.00      3.50     81.00
04:08:23        all     34.16      0.00      8.42      0.00     15.35     42.08
04:08:24        all     17.73      0.00      4.43      0.00     12.81     65.02
04:08:25        all      2.51      0.00      0.50      0.50      2.01     94.47
04:08:26        all      1.96      0.00      1.96      0.00      1.47     94.61
04:08:27        all      4.98      0.00      1.49      0.00      2.99     90.55
04:08:28        all     14.83      0.00      3.83      0.00     17.70     63.64
04:08:29        all     37.25      0.00     11.27      0.00     11.76     39.71
04:08:30        all     23.65      0.00      7.88      0.00      7.88     60.59
04:08:31        all      2.02      0.00      0.00      0.00      0.51     97.47
04:08:32        all      5.45      0.00      2.97      0.00      7.43     84.16
04:08:33        all     10.61      0.00      3.03      0.00      1.52     84.85
04:08:34        all     20.30      0.00      7.43      0.00      6.93     65.35
04:08:35        all     25.49      0.00      4.41      0.00      8.82     61.27
04:08:36        all      2.00      0.00      0.50      0.00      0.50     97.00
04:08:37        all      3.00      0.00      1.50      0.00      2.50     93.00
04:08:38        all      4.98      0.00      1.99      0.00      1.99     91.04
04:08:39        all     18.45      0.00      3.40      0.00     10.19     67.96
04:08:40        all     40.78      0.00     17.48      0.00     20.87     20.87
04:08:41        all     32.71      0.00     18.22      0.00     23.36     25.70
04:08:42        all     48.48      0.00     21.21      0.00     18.69     11.62
04:08:43        all     47.03      0.00     20.79      0.00     13.37     18.81
04:08:44        all     20.00      0.00     10.00      0.00      6.00     64.00
04:08:45        all     10.00      0.00      3.50      0.00      1.00     85.50
04:08:46        all      1.51      0.00      1.01      0.00      0.50     96.98
04:08:47        all      3.02      0.00      1.51      0.00      1.01     94.47
04:08:48        all     31.75      0.00      6.16      0.00     18.96     43.13
04:08:49        all      4.98      0.00      2.49      0.00      2.49     90.05
04:08:50        all      5.47      0.00      2.99      0.50      1.99     89.05
04:08:51        all      4.48      0.00      1.49      0.00      2.99     91.04
04:08:52        all      3.94      0.00      1.48      0.00      5.42     89.16
04:08:53        all     26.09      0.00      6.28      0.00     14.98     52.66
04:08:54        all     43.84      0.00     13.79      0.00     11.33     31.03
04:08:55        all     22.77      0.00      9.90      0.00      4.95     62.38
04:08:56        all      9.50      0.00      5.00      0.00      3.50     82.00
04:08:57        all      3.48      0.00      1.99      0.00      2.99     91.54
04:08:58        all      5.03      0.00      1.01      0.00      2.01     91.96
04:08:59        all     20.67      0.00      2.88      0.00     16.35     60.10
04:09:00        all      8.17      0.00      3.37      0.00     11.06     77.40
04:09:01        all      6.93      0.00      4.95      0.00      7.92     80.20
04:09:02        all      3.52      0.00      3.02      0.00      3.52     89.95
04:09:03        all      5.39      0.00      4.41      0.00      5.88     84.31
04:09:04        all     28.57      0.00      6.90      0.00      9.36     55.17
04:09:05        all     41.62      0.00     16.75      0.00      7.61     34.01
04:09:06        all     19.42      0.00      6.80      0.00     11.65     62.14
04:09:07        all      9.00      0.00      3.00      0.00      6.50     81.50
04:09:08        all      6.44      0.00      3.47      0.00      6.93     83.17
04:09:09        all      2.51      0.00      0.50      0.00      1.01     95.98
04:09:10        all     30.54      0.00      3.45      0.00     10.84     55.17
04:09:11        all      4.55      0.00      2.53      0.51      1.01     91.41
04:09:12        all      3.50      0.00      0.50      0.00      0.50     95.50
04:09:13        all      3.03      0.00      1.01      0.00      0.00     95.96
04:09:14        all      2.94      0.00      1.96      0.00      2.45     92.65
04:09:15        all     43.43      0.00     13.64      0.00      0.00     42.93
04:09:16        all     23.00      0.00      6.50      0.00      0.50     70.00
04:09:17        all      5.42      0.00      0.99      0.00      3.45     90.15
04:09:18        all     11.56      0.00      6.53      0.00      6.03     75.88
04:09:19        all      5.97      0.00      3.48      0.00      6.47     84.08
04:09:20        all     21.57      0.00      3.43      0.00      3.92     71.08
04:09:21        all     17.59      0.00      3.02      0.00      1.01     78.39
04:09:22        all      2.01      0.00      1.51      0.00      0.50     95.98
04:09:23        all      4.46      0.00      2.48      0.00      1.49     91.58
04:09:24        all      4.52      0.00      2.51      0.00      1.01     91.96
04:09:25        all     28.92      0.00      6.86      0.00      5.88     58.33
04:09:26        all     45.27      0.00     17.91      0.00      9.45     27.36
04:09:27        all     18.41      0.00      6.47      0.00      1.99     73.13
04:09:28        all      4.50      0.00      2.50      0.00      1.50     91.50
04:09:29        all      5.00      0.00      2.50      0.00      3.50     89.00
04:09:30        all      9.36      0.00      4.43      0.00      3.94     82.27
04:09:31        all     22.93      0.00      8.29      0.00     20.00     48.78
04:09:32        all     32.16      0.00      7.54      0.00      1.01     59.30
04:09:33        all      1.51      0.00      0.50      0.00      1.01     96.98
04:09:34        all      2.99      0.00      1.49      0.00      3.98     91.54
04:09:35        all      2.99      0.00      1.49      0.00      2.99     92.54
04:09:36        all     24.75      0.00      3.96      0.50      4.95     65.84
04:09:37        all     37.93      0.00     17.24      0.00     12.81     32.02
04:09:38        all     35.64      0.00     12.38      0.00     13.86     38.12
04:09:39        all      4.93      0.00      1.48      0.00      6.40     87.19
04:09:40        all      6.47      0.00      2.99      0.00      2.99     87.56
04:09:41        all      8.37      0.00      5.42      0.00      9.36     76.85
04:09:42        all      2.99      0.00      2.49      0.00      3.48     91.04
04:09:43        all     43.43      0.00      7.07      0.00      5.56     43.94
04:09:44        all      2.53      0.00      1.52      0.00      2.53     93.43
04:09:45        all      3.92      0.00      2.45      0.00      3.43     90.20
04:09:46        all      5.97      0.00      2.99      0.50      6.47     84.08
04:09:47        all      3.00      0.00      1.00      0.00      1.00     95.00
04:09:48        all     40.70      0.00     15.08      0.00     13.07     31.16
04:09:49        all     32.68      0.00     25.37      0.00     18.05     23.90
04:09:50        all     48.02      0.00     19.31      0.00     12.87     19.80
04:09:51        all     24.50      0.00     10.00      0.00      4.50     61.00
04:09:52        all     14.14      0.00      6.06      0.00      1.52     78.28
04:09:53        all      8.96      0.00      3.48      0.00      4.48     83.08
04:09:54        all      3.50      0.00      1.00      0.00      0.50     95.00
04:09:55        all     26.70      0.00      4.37      0.00      9.71     59.22
04:09:56        all     14.63      0.00      1.46      0.00      9.27     74.63
04:09:57        all      4.48      0.00      1.00      0.00      3.98     90.55
04:09:58        all      2.01      0.00      2.01      0.00      3.02     92.96
04:09:59        all      2.51      0.00      0.50      0.00      2.01     94.97
04:10:00        all     25.37      0.00      4.88      0.00      8.78     60.98
04:10:01        all     38.50      0.00     17.00      0.00     10.00     34.50
04:10:02        all     11.50      0.00      4.00      0.00      2.50     82.00
04:10:03        all      2.50      0.00      2.00      0.00      0.50     95.00
04:10:04        all     17.09      0.00      6.53      0.00      9.55     66.83
04:10:05        all      7.39      0.00      3.94      0.00      3.45     85.22
04:10:06        all     37.24      0.00      4.59      0.00      4.59     53.57
04:10:07        all      4.00      0.00      2.00      0.00      0.50     93.50
04:10:08        all      2.53      0.00      1.01      0.00      1.01     95.45
04:10:09        all      2.48      0.00      0.50      0.00      1.98     95.05
04:10:10        all      5.94      0.00      4.46      0.00      5.94     83.66
04:10:11        all     31.73      0.00      5.29      0.00     18.27     44.71
04:10:12        all     45.23      0.00     18.59      0.00      3.52     32.66
04:10:13        all     20.30      0.00      8.42      0.00     12.38     58.91
04:10:14        all      3.92      0.00      3.43      0.00      7.35     85.29
04:10:15        all      6.97      0.00      4.48      0.00      3.48     85.07
04:10:16        all      9.41      0.00      3.96      0.00      3.96     82.67
04:10:17        all     26.37      0.00      3.48      0.00      5.97     64.18
04:10:18        all     17.16      0.00      3.92      0.00      6.86     72.06
04:10:19        all      4.00      0.00      1.00      0.00      1.50     93.50
04:10:20        all      1.00      0.00      0.00      0.00      1.00     98.00
04:10:21        all      6.44      0.00      3.47      0.00      2.48     87.62
04:10:22        all     23.79      0.00      5.34      0.49      8.25     62.14
04:10:23        all     47.24      0.00     21.11      0.00      8.04     23.62
04:10:24        all     42.21      0.00     29.15      0.00     11.06     17.59
04:10:25        all     23.27      0.00     10.89      0.00     10.40     55.45
04:10:26        all      4.48      0.00      2.49      0.00      1.49     91.54
04:10:27        all      7.14      0.00      3.06      0.00      1.02     88.78
04:10:28        all      2.50      0.00      1.00      0.00      1.50     95.00
04:10:29        all     39.09      0.00      7.11      0.00     11.68     42.13
04:10:30        all      7.92      0.00      3.96      0.00      3.96     84.16
04:10:31        all      4.52      0.00      2.01      0.00      1.51     91.96
04:10:32        all      4.98      0.00      2.49      0.00      3.48     89.05
04:10:33        all      3.48      0.00      1.00      1.00      2.99     91.54
04:10:34        all     27.62      0.00     10.00      0.00     20.48     41.90
04:10:35        all     44.33      0.00     18.72      0.00      9.85     27.09
04:10:36        all     50.75      0.00     19.60      0.00      4.52     25.13
04:10:37        all      7.73      0.00      4.83      0.00      8.70     78.74
04:10:38        all      7.00      0.00      3.00      0.00      4.00     86.00
04:10:39        all      7.77      0.00      5.34      0.00     17.96     68.93
04:10:40        all      5.97      0.00      1.00      0.00      5.47     87.56
04:10:41        all     37.50      0.00      4.50      0.00      8.00     50.00
04:10:42        all      3.45      0.00      0.99      0.00      3.94     91.63
04:10:43        all      4.43      0.00      2.46      0.00      5.91     87.19
04:10:44        all      5.56      0.00      3.03      0.00      3.54     87.88
04:10:45        all      9.80      0.00      2.45      0.00      2.45     85.29
04:10:46        all     37.56      0.00     16.59      0.00     21.95     23.90
04:10:47        all     44.50      0.00     26.50      0.00     10.00     19.00
04:10:48        all     46.57      0.00     18.63      0.00     14.22     20.59
04:10:49        all     43.50      0.00     19.50      0.00      9.50     27.50
04:10:50        all      7.92      0.00      3.96      0.00      4.95     83.17
04:10:51        all      5.94      0.00      2.97      0.00      2.48     88.61
04:10:52        all      4.46      0.00      1.98      0.00      2.97     90.59
04:10:53        all      5.94      0.00      1.49      0.50      5.94     86.14
04:10:54        all     36.32      0.00     10.45      0.00      5.97     47.26
04:10:55        all      2.51      0.00      1.01      0.00      1.01     95.48
04:10:56        all      1.98      0.00      1.98      0.00      1.49     94.55
04:10:57        all      5.00      0.00      2.00      0.00      2.00     91.00
04:10:58        all     13.30      0.00      2.96      0.00      7.39     76.35
04:10:59        all     40.59      0.00     11.39      0.00     10.40     37.62
04:11:00        all     27.67      0.00     10.19      0.00     20.39     41.75
04:11:01        all      7.43      0.00      5.45      0.00      4.46     82.67
04:11:02        all     10.29      0.00      7.84      0.00     13.73     68.14
04:11:03        all      3.47      0.00      0.99      0.00      2.48     93.07
04:11:04        all      5.00      0.00      0.50      0.00      1.00     93.50
04:11:05        all     32.84      0.00      4.90      0.00     20.10     42.16
04:11:06        all     11.94      0.00      2.99      0.00      4.48     80.60
04:11:07        all      3.50      0.00      2.00      0.00      3.00     91.50
04:11:08        all      4.50      0.00      1.50      0.50      6.50     87.00
04:11:09        all      5.88      0.00      2.94      0.00      5.39     85.78
04:11:10        all     35.47      0.00      9.36      0.00      9.85     45.32
04:11:11        all     45.96      0.00     13.64      0.00      7.07     33.33
04:11:12        all     20.79      0.00      6.44      0.00      9.90     62.87
04:11:13        all      2.99      0.00      1.00      0.00      2.49     93.53
04:11:14        all      8.50      0.00      3.00      0.00      3.50     85.00
04:11:15        all      6.47      0.00      3.98      0.00      6.97     82.59
04:11:16        all     28.86      0.00      3.98      0.00     10.45     56.72
04:11:17        all     15.42      0.00      4.48      0.00      1.00     79.10
04:11:18        all      1.52      0.00      0.51      0.00      0.51     97.47
04:11:19        all      2.53      0.00      0.51      0.51      0.00     96.46
04:11:20        all      5.88      0.00      1.96      0.00      7.84     84.31
04:11:21        all     27.01      0.00      3.79      0.00     18.48     50.71
04:11:22        all     33.82      0.00     14.22      0.00     11.27     40.69
