Linux 5.10.234-225.910.amzn2.x86_64 (ip-10-0-138-176.ec2.internal) 	03/24/25 	_x86_64_	(2 CPU)

03:48:59        CPU     %user     %nice   %system   %iowait    %steal     %idle
03:49:00        all     83.92      0.00     10.55      0.00      0.00      5.53
03:49:01        all     37.31      0.00      2.49      0.00     11.94     48.26
03:49:02        all     43.56      0.00      1.49      0.00      5.45     49.50
03:49:03        all     43.50      0.00      3.50     16.50      4.50     32.00
03:49:04        all     43.78      0.00      6.97      0.00      1.99     47.26
03:49:05        all     46.00      0.00      6.50      0.00      1.00     46.50
03:49:06        all     34.85      0.00      4.55      0.00      1.52     59.09
03:49:07        all      0.00      0.00      0.00      0.00      0.50     99.50
03:49:08        all      0.00      0.00      0.00      0.50      0.00     99.50
03:49:09        all      0.00      0.00      0.00      0.00      0.00    100.00
03:49:10        all      0.00      0.00      0.00      0.00      0.00    100.00
03:49:11        all      1.49      0.00      1.49      0.00      0.00     97.01
03:49:12        all      3.43      0.00      2.45      0.49      6.37     87.25
03:49:13        all      1.00      0.00      0.50      0.00      0.50     98.01
03:49:14        all     47.55      0.00     15.20      0.00      9.80     27.45
03:49:15        all     37.91      0.00     15.64      0.00     15.17     31.28
03:49:16        all     61.50      0.00     16.00      0.00     11.00     11.50
03:49:17        all     57.50      0.00     20.00      0.00      3.00     19.50
03:49:18        all      7.04      0.00      3.02      0.00      2.01     87.94
03:49:19        all     56.78      0.00     20.10      0.00      9.05     14.07
03:49:20        all     40.30      0.00     21.39      0.00      6.97     31.34
03:49:21        all      7.00      0.00      2.50      0.00      1.00     89.50
03:49:22        all     27.86      0.00      1.49      0.00      2.99     67.66
03:49:23        all     51.00      0.00     13.50      1.50      8.50     25.50
03:49:24        all      6.53      0.00      4.02      4.52      2.01     82.91
03:49:25        all     45.32      0.00     15.27      0.00      9.85     29.56
03:49:26        all     30.35      0.00     13.43      0.00      6.97     49.25
03:49:27        all     35.86      0.00      7.07      0.00      9.09     47.98
03:49:28        all     39.60      0.00      6.44      0.00      5.45     48.51
03:49:29        all     36.63      0.00     11.39      3.47      9.90     38.61
03:49:30        all     36.18      0.00     12.56      0.00      7.04     44.22
03:49:31        all     46.50      0.00     10.50      0.00      2.00     41.00
03:49:32        all      8.08      0.00      1.52      0.00      1.52     88.89
03:49:33        all     47.26      0.00     15.92      0.00      5.47     31.34
03:49:34        all     18.14      0.00     10.29      1.96      6.37     63.24
03:49:35        all     27.78      0.00      5.56      0.00      5.56     61.11
03:49:36        all     33.00      0.00     11.33      0.00      4.93     50.74
03:49:37        all     41.79      0.00     12.94      0.00     14.43     30.85
03:49:38        all     38.12      0.00     15.35      0.00      8.91     37.62
03:49:39        all     27.72      0.00      4.46      0.99     11.88     54.95
03:49:40        all     12.00      0.00      5.00      0.00      3.50     79.50
03:49:41        all     28.00      0.00      6.00      0.00      6.00     60.00
03:49:42        all     44.06      0.00     14.36      0.00     17.33     24.26
03:49:43        all     30.54      0.00     11.82      0.00      6.90     50.74
03:49:44        all      5.97      0.00      2.99      0.00      4.48     86.57
03:49:45        all      4.48      0.00      2.49      0.00      1.49     91.54
03:49:46        all     10.10      0.00      0.51      0.00      2.53     86.87
03:49:47        all     47.00      0.00      7.00      0.00      8.50     37.50
03:49:48        all     44.00      0.00     13.50      0.00      0.50     42.00
03:49:49        all     12.12      0.00      3.54      0.00      1.01     83.33
03:49:50        all     38.81      0.00     12.94      0.00      9.45     38.81
03:49:51        all     26.50      0.00     13.00      0.00      9.50     51.00
03:49:52        all      3.98      0.00      2.49      0.00      1.99     91.54
03:49:53        all      1.01      0.00      0.50      0.00      0.50     97.99
03:49:54        all      3.48      0.00      1.49      0.00      0.50     94.53
03:49:55        all     42.42      0.00      8.59      0.51      9.09     39.39
03:49:56        all     12.50      0.00      4.00      0.00      0.00     83.50
03:49:57        all     47.47      0.00     13.13      0.00      7.07     32.32
03:49:58        all     21.84      0.00      7.77      0.00      6.80     63.59
03:49:59        all     18.00      0.00      1.00      0.00     10.00     71.00
03:50:00        all     26.24      0.00      9.90      0.00      9.90     53.96
03:50:01        all     38.83      0.00     10.68      0.00     16.50     33.98
03:50:02        all     53.77      0.00     17.59      0.00     10.05     18.59
03:50:03        all     13.79      0.00      7.39      0.00      6.40     72.41
03:50:04        all      3.02      0.00      1.51      0.00      3.02     92.46
03:50:05        all     10.89      0.00      2.97      0.50      1.98     83.66
03:50:06        all     54.27      0.00     22.11      0.00     10.05     13.57
03:50:07        all     50.25      0.00     12.56      0.00      7.04     30.15
03:50:08        all     45.54      0.00     13.37      0.00      9.90     31.19
03:50:09        all     33.33      0.00     11.94      0.00     10.95     43.78
03:50:10        all      8.50      0.00      3.00      0.50      4.00     84.00
03:50:11        all      1.98      0.00      0.99      0.00      1.49     95.54
03:50:12        all      3.02      0.00      1.01      0.00      3.52     92.46
03:50:13        all     33.50      0.00      6.90      0.00      8.37     51.23
03:50:14        all     25.25      0.00      6.57      0.00      6.06     62.12
03:50:15        all      2.51      0.00      1.51      0.00      0.50     95.48
03:50:16        all      4.48      0.00      1.49      0.00      1.00     93.03
03:50:17        all      1.50      0.00      1.00      0.00      1.00     96.50
03:50:18        all     29.56      0.00      8.87      0.00     20.20     41.38
03:50:19        all     50.50      0.00     16.00      0.00      9.00     24.50
03:50:20        all      9.85      0.00      3.94      0.49      3.45     82.27
03:50:21        all      4.93      0.00      2.46      0.00      3.94     88.67
03:50:22        all      1.50      0.00      0.50      0.00      1.50     96.50
03:50:23        all     10.95      0.00      1.00      0.00      1.49     86.57
03:50:24        all     39.60      0.00      6.93      0.00      4.46     49.01
03:50:25        all      1.01      0.00      0.50      0.00      0.50     97.99
03:50:26        all      1.01      0.00      0.00      0.00      0.00     98.99
03:50:27        all      1.50      0.00      1.00      0.00      1.50     96.00
03:50:28        all     12.50      0.00      4.00      0.00      2.00     81.50
03:50:29        all     52.26      0.00     12.56      0.00      0.50     34.67
03:50:30        all      8.42      0.00      3.47      0.00      3.47     84.65
03:50:31        all      3.45      0.00      2.96      0.49      0.99     92.12
03:50:32        all      1.99      0.00      0.50      0.00      1.49     96.02
03:50:33        all      8.46      0.00      1.49      0.00      2.49     87.56
03:50:34        all     47.78      0.00      6.90      0.00      9.85     35.47
03:50:35        all     20.40      0.00      2.49      0.00      0.00     77.11
03:50:36        all      2.00      0.00      0.50      0.50      0.00     97.00
03:50:37        all      1.00      0.00      1.00      0.00      0.50     97.50
03:50:38        all      1.50      0.00      0.00      0.00      0.00     98.50
03:50:39        all     41.00      0.00      7.00      0.00      2.50     49.50
03:50:40        all     15.92      0.00      6.47      0.00      1.49     76.12
03:50:41        all      8.96      0.00      1.99      0.50      2.49     86.07
03:50:42        all      3.96      0.00      2.48      0.00      2.48     91.09
03:50:43        all      2.46      0.00      1.97      0.00      2.46     93.10
03:50:44        all     27.86      0.00      1.99      0.00      5.47     64.68
03:50:45        all      2.50      0.00      1.00      0.00      1.50     95.00
03:50:46        all      2.02      0.00      0.51      0.00      0.51     96.97
03:50:47        all      0.00      0.00      0.00      0.00      0.00    100.00
03:50:48        all     13.93      0.00      1.99      0.00      0.00     84.08
03:50:49        all     44.50      0.00     13.00      0.00      0.00     42.50
03:50:50        all     12.38      0.00      4.95      0.00      3.96     78.71
03:50:51        all     12.62      0.00      6.80      0.00      5.83     74.76
03:50:52        all      2.97      0.00      1.98      0.00      1.49     93.56
03:50:53        all     13.64      0.00      0.51      0.00      2.02     83.84
03:50:54        all     41.79      0.00      2.99      0.00      6.97     48.26
03:50:55        all      1.98      0.00      0.99      0.00      0.99     96.04
03:50:56        all      3.02      0.00      0.50      0.50      2.01     93.97
03:50:57        all      2.99      0.00      1.49      0.00      1.49     94.03
03:50:58        all      1.00      0.00      0.00      0.00      0.00     99.00
03:50:59        all     29.85      0.00      4.48      0.00      4.48     61.19
03:51:00        all     17.09      0.00      3.52      0.00      3.02     76.38
03:51:01        all      9.85      0.00      4.93      0.00      3.94     81.28
03:51:02        all      7.58      0.00      2.53      0.00      2.53     87.37
03:51:03        all      3.50      0.00      1.50      0.00      0.50     94.50
03:51:04        all      6.97      0.00      1.49      0.00      1.49     90.05
03:51:05        all     22.89      0.00      2.49      0.00      3.98     70.65
03:51:06        all      2.51      0.00      0.00      0.50      0.50     96.48
03:51:07        all      1.50      0.00      1.00      0.00      1.00     96.50
03:51:08        all      0.50      0.00      0.00      0.00      0.00     99.50
03:51:09        all     24.26      0.00      5.45      0.00      8.91     61.39
03:51:10        all     46.27      0.00     11.44      0.00      7.46     34.83
03:51:11        all     12.38      0.00      3.96      0.00      3.96     79.70
03:51:12        all     12.38      0.00      3.47      0.00      4.46     79.70
03:51:13        all      1.99      0.00      1.00      0.00      1.99     95.02
03:51:14        all      8.00      0.00      0.50      0.00      2.00     89.50
03:51:15        all     35.32      0.00      1.49      0.00     13.43     49.75
03:51:16        all     26.34      0.00     12.68      0.00     14.15     46.83
03:51:17        all      4.90      0.00      1.47      0.00      2.94     90.69
03:51:18        all      0.00      0.00      0.00      0.00      0.00    100.00
03:51:19        all      1.50      0.00      0.50      0.00      0.00     98.00
03:51:20        all     16.50      0.00      3.50      0.00      5.00     75.00
03:51:21        all     38.05      0.00      9.27      0.00      8.29     44.39
03:51:22        all      8.50      0.00      3.00      0.00      4.50     84.00
03:51:23        all      8.46      0.00      1.99      0.00      2.99     86.57
03:51:24        all      2.97      0.00      1.49      0.00      0.50     95.05
03:51:25        all     18.18      0.00      0.51      0.00      4.04     77.27
03:51:26        all     13.43      0.00      1.99      0.00      2.49     82.09
03:51:27        all      3.50      0.00      1.50      0.50      2.00     92.50
03:51:28        all      1.00      0.00      0.50      0.00      0.00     98.51
03:51:29        all      0.00      0.00      0.50      0.00      0.50     99.00
03:51:30        all     42.64      0.00     11.68      0.00      4.06     41.62
03:51:31        all     24.75      0.00      7.43      0.00      4.46     63.37
03:51:32        all     14.29      0.00      6.40      0.00      6.40     72.91
03:51:33        all      8.42      0.00      3.47      0.00      2.48     85.64
03:51:34        all      2.97      0.00      1.49      0.00      2.97     92.57
03:51:35        all     23.38      0.00      0.50      0.00      6.97     69.15
03:51:36        all     32.00      0.00      5.50      0.00      7.00     55.50
03:51:37        all      1.52      0.00      0.00      0.51      0.00     97.98
03:51:38        all      3.52      0.00      0.50      0.00      1.01     94.97
03:51:39        all      2.51      0.00      0.50      0.00      2.51     94.47
03:51:40        all      9.90      0.00      1.98      0.00      1.49     86.63
03:51:41        all     39.70      0.00      7.54      0.00      7.54     45.23
03:51:42        all      4.02      0.00      2.01      0.00      2.51     91.46
03:51:43        all      9.90      0.00      4.46      0.00      3.96     81.68
03:51:44        all      2.96      0.00      1.97      0.00      1.48     93.60
03:51:45        all     12.44      0.00      1.00      0.00      5.97     80.60
03:51:46        all     19.80      0.00      5.45      0.00      3.96     70.79
03:51:47        all      1.98      0.00      1.49      0.00      2.97     93.56
03:51:48        all      2.99      0.00      1.49      0.00      1.49     94.03
03:51:49        all      0.50      0.00      0.00      0.00      0.00     99.50
03:51:50        all     31.84      0.00      6.47      0.00      4.98     56.72
03:51:51        all     32.00      0.00     12.00      0.00     12.50     43.50
03:51:52        all      7.00      0.00      3.00      0.00      1.50     88.50
03:51:53        all      8.54      0.00      3.52      0.00      1.51     86.43
03:51:54        all      3.50      0.00      1.00      0.00      1.50     94.00
03:51:55        all     14.93      0.00      1.49      0.00      1.99     81.59
03:51:56        all     29.00      0.00      6.00      0.00      2.50     62.50
03:51:57        all      2.51      0.00      1.51      0.00      0.00     95.98
03:51:58        all      5.97      0.00      3.98      0.50      3.98     85.57
03:51:59        all      1.01      0.00      0.00      0.00      0.00     98.99
03:52:00        all     21.78      0.00      4.95      0.00      3.96     69.31
03:52:01        all     33.50      0.00      5.00      0.00      5.00     56.50
03:52:02        all      4.98      0.00      1.49      0.00      2.49     91.04
03:52:03        all      5.42      0.00      3.94      0.00      1.97     88.67
03:52:04        all      4.98      0.00      3.48      0.00      3.98     87.56
03:52:05        all     19.31      0.00      2.48      0.00      3.47     74.75
03:52:06        all     19.00      0.00     10.00      0.00      7.50     63.50
03:52:07        all      1.00      0.00      0.50      0.00      0.00     98.50
03:52:08        all      2.00      0.00      1.00      0.50      0.50     96.00
03:52:09        all      1.50      0.00      0.50      0.00      0.50     97.50
03:52:10        all     34.83      0.00      6.47      0.00      4.48     54.23
03:52:11        all     17.50      0.00      5.00      0.00      3.50     74.00
03:52:12        all      2.99      0.00      1.99      0.00      1.00     94.03
03:52:13        all      6.97      0.00      1.99      0.00      2.99     88.06
03:52:14        all      5.53      0.00      1.01      0.00      3.02     90.45
03:52:15        all     34.15      0.00      6.83      0.00     11.71     47.32
03:52:16        all     11.00      0.00      3.50      0.00      2.50     83.00
03:52:17        all      3.48      0.00      1.49      0.00      5.47     89.55
03:52:18        all      5.91      0.00      1.97      0.49      2.46     89.16
03:52:19        all      1.01      0.00      0.50      0.00      0.50     97.99
03:52:20        all     30.20      0.00      6.93      0.00     12.87     50.00
03:52:21        all     14.57      0.00      6.53      0.00      2.01     76.88
03:52:22        all      6.53      0.00      2.51      0.00      2.51     88.44
03:52:23        all      5.94      0.00      2.48      0.00      5.94     85.64
03:52:24        all      5.47      0.00      2.49      0.00      5.97     86.07
03:52:25        all     18.91      0.00      1.49      0.00      8.96     70.65
03:52:26        all     17.33      0.00      8.91      0.00     11.88     61.88
03:52:27        all      3.02      0.00      1.01      0.00      2.01     93.97
03:52:28        all      1.98      0.00      0.99      0.50      1.49     95.05
03:52:29        all      0.50      0.00      1.00      0.00      1.00     97.50
03:52:30        all     26.13      0.00      5.53      0.00      9.05     59.30
03:52:31        all     28.71      0.00      8.91      0.00     13.86     48.51
03:52:32        all      3.48      0.00      3.98      0.00      1.49     91.04
03:52:33        all      4.98      0.00      1.99      0.00      1.49     91.54
03:52:34        all      4.98      0.00      2.49      0.00      1.99     90.55
03:52:35        all     26.73      0.00      3.96      0.00      3.47     65.84
03:52:36        all     18.00      0.00      6.00      0.00      1.50     74.50
03:52:37        all      5.47      0.00      1.49      0.00      3.48     89.55
03:52:38        all      3.02      0.00      1.01      0.00      0.50     95.48
03:52:39        all      3.00      0.00      2.00      0.00      2.50     92.50
03:52:40        all     31.34      0.00      8.46      0.00     12.94     47.26
03:52:41        all     28.79      0.00      5.05      0.00      2.53     63.64
03:52:42        all      5.50      0.00      1.50      0.00      1.00     92.00
03:52:43        all      5.47      0.00      1.49      0.00      1.49     91.54
03:52:44        all      4.55      0.00      1.01      0.00      1.01     93.43
03:52:45        all     24.38      0.00      0.50      0.00      3.98     71.14
03:52:46        all     13.79      0.00      4.93      0.00      6.90     74.38
03:52:47        all      3.48      0.00      1.49      0.00      3.48     91.54
03:52:48        all      2.01      0.00      0.00      0.00      0.50     97.49
03:52:49        all      0.50      0.00      0.50      0.50      0.50     98.00
03:52:50        all     28.17      0.00      7.51      0.00     22.07     42.25
03:52:51        all     27.78      0.00      6.57      0.00      5.05     60.61
03:52:52        all      7.92      0.00      1.98      0.00      1.49     88.61
03:52:53        all      7.04      0.00      4.02      0.00      2.01     86.93
03:52:54        all      2.48      0.00      2.48      0.00      2.48     92.57
03:52:55        all     19.90      0.00      1.49      0.00      5.47     73.13
03:52:56        all     36.32      0.00      9.95      0.00      0.50     53.23
03:52:57        all      4.95      0.00      3.47      0.00      1.98     89.60
03:52:58        all      6.00      0.00      1.50      0.00      2.50     90.00
03:52:59        all      1.51      0.00      2.01      1.01      1.51     93.97
03:53:00        all     17.41      0.00      2.99      0.00      4.98     74.63
03:53:01        all     38.31      0.00      8.96      0.00      6.47     46.27
03:53:02        all      5.47      0.00      3.48      0.00      3.98     87.06
03:53:03        all      5.97      0.00      1.00      0.00      2.99     90.05
03:53:04        all      3.98      0.00      3.48      0.00      1.00     91.54
03:53:05        all     15.50      0.00      1.00      0.00      2.50     81.00
03:53:06        all     16.42      0.00      2.99      0.00      3.98     76.62
03:53:07        all      4.52      0.00      3.02      0.00      2.01     90.45
03:53:08        all      3.47      0.00      2.97      0.00      3.47     90.10
03:53:09        all      1.00      0.00      0.50      0.50      0.00     98.00
03:53:10        all     31.50      0.00      7.00      0.00      7.00     54.50
03:53:11        all     21.00      0.00      7.00      0.00      3.50     68.50
03:53:12        all      5.97      0.00      2.49      0.00      2.99     88.56
03:53:13        all      9.95      0.00      3.98      0.00      2.99     83.08
03:53:14        all      2.96      0.00      1.97      0.00      1.48     93.60
03:53:15        all     32.50      0.00      6.50      0.00      9.00     52.00
03:53:16        all     13.43      0.00      3.98      0.00      6.47     76.12
03:53:17        all      3.47      0.00      1.98      0.00      2.97     91.58
03:53:18        all      7.46      0.00      2.49      0.00      5.47     84.58
03:53:19        all      3.50      0.00      2.50      0.00      1.50     92.50
03:53:20        all     38.50      0.00      6.00      0.00      7.00     48.50
03:53:21        all     12.94      0.00      4.98      0.00      3.48     78.61
03:53:22        all      3.96      0.00      1.49      0.00      1.98     92.57
03:53:23        all      5.53      0.00      4.02      0.00      2.01     88.44
03:53:24        all      4.00      0.00      1.50      0.00      1.00     93.50
03:53:25        all     27.23      0.00      4.95      0.00      1.49     66.34
03:53:26        all      1.01      0.00      0.00      0.00      0.50     98.49
03:53:27        all      2.48      0.00      1.49      0.00      1.49     94.55
03:53:28        all      4.52      0.00      1.01      0.00      1.51     92.96
03:53:29        all     12.00      0.00      3.00      0.00      1.50     83.50
03:53:30        all     34.83      0.00      8.46      0.50      6.97     49.25
03:53:31        all      7.04      0.00      2.51      0.00      2.01     88.44
03:53:32        all      2.48      0.00      1.98      0.00      1.98     93.56
03:53:33        all      7.04      0.00      2.01      0.00      1.51     89.45
03:53:34        all     11.76      0.00      1.96      0.00      6.37     79.90
03:53:35        all     40.59      0.00     11.39      0.00     14.36     33.66
03:53:36        all      6.47      0.00      1.49      0.00      1.49     90.55
03:53:37        all      1.49      0.00      0.50      0.00      1.00     97.01
03:53:38        all      6.50      0.00      3.50      0.00      3.00     87.00
03:53:39        all      6.00      0.00      2.50      0.00      3.50     88.00
03:53:40        all     44.39      0.00      9.76      0.49      5.85     39.51
03:53:41        all      8.46      0.00      3.98      0.00      1.99     85.57
03:53:42        all      2.49      0.00      1.00      0.00      1.00     95.52
03:53:43        all      6.50      0.00      3.00      0.00      2.00     88.50
03:53:44        all      2.99      0.00      2.49      0.00      1.00     93.53
03:53:45        all     30.35      0.00      6.47      0.00      8.46     54.73
03:53:46        all      1.01      0.00      0.50      0.00      0.00     98.49
03:53:47        all      1.00      0.00      1.00      0.00      0.50     97.50
03:53:48        all      1.51      0.00      0.00      0.00      1.01     97.49
03:53:49        all      5.03      0.00      1.01      0.00      0.50     93.47
03:53:50        all     24.63      0.00      7.88      0.49      9.36     57.64
03:53:51        all     32.02      0.00     11.33      0.00      5.91     50.74
03:53:52        all      5.97      0.00      1.99      0.00      5.47     86.57
03:53:53        all      5.50      0.00      2.00      0.00      2.00     90.50
03:53:54        all      2.99      0.00      1.00      0.00      1.00     95.02
03:53:55        all     21.61      0.00      1.51      0.00      4.52     72.36
03:53:56        all     30.30      0.00     11.62      0.00      1.01     57.07
03:53:57        all      1.51      0.00      1.01      0.00      0.50     96.98
03:53:58        all      3.00      0.00      1.00      0.00      1.00     95.00
03:53:59        all      2.50      0.00      1.50      0.00      0.50     95.50
03:54:00        all     22.00      0.00      5.00      0.00      4.00     69.00
03:54:01        all     37.50      0.00     10.50      0.00      3.00     49.00
03:54:02        all      8.96      0.00      3.98      0.00      2.99     84.08
03:54:03        all      4.95      0.00      2.97      0.00      1.49     90.59
03:54:04        all      2.50      0.00      0.50      0.00      0.50     96.50
03:54:05        all      4.04      0.00      1.01      0.00      1.01     93.94
03:54:06        all     44.78      0.00     12.44      0.50      3.48     38.81
03:54:07        all      5.00      0.00      2.00      0.00      2.50     90.50
03:54:08        all      3.48      0.00      1.00      0.00      1.99     93.53
03:54:09        all      2.49      0.00      0.50      0.00      1.00     96.02
03:54:10        all      6.50      0.00      2.00      0.00      1.00     90.50
03:54:11        all     37.81      0.00      9.45      0.00     10.95     41.79
03:54:12        all     26.73      0.00     12.38      0.00      9.90     50.99
03:54:13        all      7.07      0.00      3.03      0.00      5.05     84.85
03:54:14        all      1.99      0.00      1.49      0.00      0.50     96.02
03:54:15        all      2.99      0.00      1.99      0.00      2.49     92.54
03:54:16        all     26.60      0.00      5.91      0.49      3.45     63.55
03:54:17        all     18.32      0.00      4.46      0.00      1.49     75.74
03:54:18        all      4.00      0.00      2.00      0.00      1.00     93.00
03:54:19        all      0.50      0.00      0.50      0.00      0.00     98.99
03:54:20        all      3.50      0.00      1.50      0.00      3.50     91.50
03:54:21        all     19.90      0.00      3.48      0.00      3.48     73.13
03:54:22        all     29.08      0.00      9.69      0.00      2.04     59.18
03:54:23        all     13.00      0.00      6.00      0.00      0.50     80.50
03:54:24        all      3.00      0.00      1.00      0.00      0.50     95.50
03:54:25        all      2.99      0.00      1.99      0.00      0.50     94.53
03:54:26        all      1.00      0.00      1.00      0.00      0.50     97.51
03:54:27        all     42.21      0.00      8.04      0.00      4.52     45.23
03:54:28        all      5.94      0.00      2.48      0.00      1.98     89.60
03:54:29        all      3.98      0.00      1.00      0.00      1.00     94.03
03:54:30        all      4.98      0.00      1.99      0.00      1.99     91.04
03:54:31        all      3.00      0.00      0.50      0.00      1.00     95.50
03:54:32        all     34.48      0.00     10.34      0.00     10.84     44.33
03:54:33        all     32.84      0.00     10.78      0.00     13.24     43.14
03:54:34        all      6.44      0.00      3.96      0.00      6.44     83.17
03:54:35        all      3.02      0.00      1.51      0.00      0.50     94.97
03:54:36        all      2.50      0.00      1.00      0.50      1.00     95.00
03:54:37        all     15.58      0.00      1.01      0.00      4.52     78.89
03:54:38        all     40.30      0.00     16.42      0.00      9.95     33.33
03:54:39        all      5.08      0.00      4.06      0.00      3.05     87.82
03:54:40        all      3.96      0.00      0.99      0.00      3.47     91.58
03:54:41        all      2.97      0.00      2.48      0.00      4.95     89.60
03:54:42        all     11.00      0.00      2.50      0.00      4.00     82.50
03:54:43        all     33.00      0.00      8.00      0.00      2.50     56.50
03:54:44        all      7.58      0.00      2.02      0.00      1.01     89.39
03:54:45        all      3.94      0.00      0.99      0.00      1.48     93.60
03:54:46        all      1.49      0.00      0.50      0.50      0.50     97.01
03:54:47        all     25.13      0.00      5.03      0.00      1.51     68.34
03:54:48        all     27.36      0.00      9.95      0.00      2.99     59.70
03:54:49        all      5.47      0.00      2.49      0.00      2.99     89.05
03:54:50        all      3.98      0.00      1.99      0.00      1.49     92.54
03:54:51        all      2.99      0.00      2.49      0.00      1.00     93.53
03:54:52        all     22.39      0.00      4.98      0.00      8.46     64.18
03:54:53        all     29.90      0.00      9.31      0.00      3.43     57.35
03:54:54        all      7.92      0.00      3.47      0.00      4.46     84.16
03:54:55        all      4.50      0.00      2.50      0.00      1.00     92.00
03:54:56        all      1.99      0.00      0.50      0.00      0.50     97.01
03:54:57        all     26.77      0.00      4.55      0.00      1.01     67.68
03:54:58        all     13.37      0.00      5.45      0.00      4.46     76.73
03:54:59        all      3.02      0.00      2.01      0.00      1.01     93.97
03:55:00        all      4.00      0.00      1.50      0.00      2.00     92.50
03:55:01        all      3.00      0.00      0.50      0.00      0.50     96.00
03:55:02        all     23.04      0.00      6.37      0.00     11.76     58.82
03:55:03        all     33.50      0.00      8.87      0.00      5.91     51.72
03:55:04        all      6.44      0.00      2.97      0.00      3.47     87.13
03:55:05        all      9.95      0.00      4.48      0.00      2.99     82.59
03:55:06        all      1.50      0.00      0.50      0.00      1.00     97.00
03:55:07        all      5.03      0.00      0.50      0.00      1.01     93.47
03:55:08        all     42.50      0.00     14.00      0.00     10.00     33.50
03:55:09        all     11.94      0.00      6.97      0.00      4.48     76.62
03:55:10        all      5.03      0.00      1.01      0.00      2.01     91.96
03:55:11        all      2.00      0.00      1.00      0.00      0.50     96.50
03:55:12        all      2.00      0.00      1.00      0.50      0.50     96.00
03:55:13        all     22.00      0.00      4.00      0.00      0.50     73.50
03:55:14        all     27.50      0.00      9.50      0.00      2.50     60.50
03:55:15        all      8.87      0.00      4.43      0.00      4.43     82.27
03:55:16        all      3.52      0.00      2.01      0.00      0.50     93.97
03:55:17        all      1.00      0.00      1.00      0.00      0.50     97.50
03:55:18        all     17.50      0.00      1.00      0.00      4.00     77.50
03:55:19        all     36.50      0.00     18.50      0.00     20.00     25.00
03:55:20        all      5.50      0.00      3.00      0.00      3.00     88.50
03:55:21        all      3.50      0.00      1.00      0.00      3.00     92.50
03:55:22        all      3.50      0.00      2.50      0.00      2.50     91.50
03:55:23        all     11.44      0.00      2.49      0.00      1.49     84.58
03:55:24        all     40.89      0.00     12.81      0.00     11.33     34.98
03:55:25        all      5.97      0.00      1.49      0.00      2.49     90.05
03:55:26        all      8.50      0.00      3.00      0.00      5.00     83.50
03:55:27        all      1.51      0.00      0.50      0.50      0.00     97.49
03:55:28        all     11.88      0.00      0.99      0.00      1.98     85.15
03:55:29        all     37.44      0.00     14.29      0.00      5.42     42.86
03:55:30        all      3.54      0.00      1.01      0.00      0.51     94.95
03:55:31        all      7.88      0.00      2.46      0.00      3.94     85.71
03:55:32        all      2.51      0.00      1.51      0.00      1.01     94.97
03:55:33        all      9.36      0.00      1.97      0.00      2.96     85.71
03:55:34        all     44.22      0.00     10.55      0.00      4.52     40.70
03:55:35        all      3.50      0.00      2.00      0.00      0.50     94.00
03:55:36        all      7.43      0.00      3.47      0.00      2.97     86.14
03:55:37        all      3.98      0.00      1.49      0.00      1.99     92.54
03:55:38        all     12.38      0.00      1.49      0.00      1.98     84.16
03:55:39        all     31.68      0.00      7.92      0.00      1.49     58.91
03:55:40        all      4.46      0.00      1.49      0.00      1.49     92.57
03:55:41        all      3.00      0.00      1.50      0.00      1.00     94.50
03:55:42        all      3.50      0.00      2.50      0.00      0.50     93.50
03:55:43        all     11.50      0.00      3.00      0.00      0.50     85.00
03:55:44        all     37.44      0.00      9.74      0.00      3.08     49.74
03:55:45        all      6.97      0.00      2.99      0.00      1.00     89.05
03:55:46        all      5.45      0.00      1.98      0.00      2.48     90.10
03:55:47        all      5.53      0.00      1.51      0.00      0.00     92.96
03:55:48        all      8.46      0.00      1.00      0.00      0.50     90.05
03:55:49        all     35.86      0.00     12.12      0.00      0.51     51.52
03:55:50        all      2.50      0.00      1.00      0.00      0.00     96.50
03:55:51        all      4.50      0.00      2.00      0.00      4.00     89.50
03:55:52        all      4.46      0.00      2.48      0.00      2.48     90.59
03:55:53        all     12.56      0.00      4.52      0.50      7.04     75.38
03:55:54        all     46.57      0.00      8.82      0.00      4.90     39.71
03:55:55        all      6.47      0.00      2.99      0.00      1.00     89.55
03:55:56        all      4.98      0.00      3.98      0.00      2.99     88.06
03:55:57        all      4.93      0.00      2.96      0.00      1.48     90.64
03:55:58        all      6.03      0.00      0.50      0.00      1.01     92.46
03:55:59        all     35.47      0.00      9.36      0.00      7.39     47.78
03:56:00        all      2.49      0.00      1.49      0.00      1.00     95.02
03:56:01        all      4.48      0.00      2.99      0.00      6.47     86.07
03:56:02        all      1.99      0.00      2.49      0.00      1.49     94.03
03:56:03        all     10.95      0.00      4.48      0.50      2.49     81.59
03:56:04        all     35.03      0.00      8.63      0.00      3.55     52.79
03:56:05        all      8.96      0.00      3.98      0.00      1.00     86.07
03:56:06        all      4.98      0.00      3.48      0.00      3.48     88.06
03:56:07        all      2.99      0.00      1.99      0.00      1.00     94.03
03:56:08        all      6.03      0.00      2.51      0.00      1.51     89.95
03:56:09        all     37.00      0.00      9.50      0.00      3.00     50.50
03:56:10        all      1.51      0.00      1.01      0.00      0.50     96.98
03:56:11        all      2.50      0.00      0.50      0.00      1.00     96.00
03:56:12        all      1.51      0.00      0.50      0.00      0.50     97.49
03:56:13        all      4.98      0.00      1.99      0.00      1.99     91.04
03:56:14        all     20.00      0.00      5.50      0.50      4.50     69.50
03:56:15        all     20.30      0.00      6.44      0.00     12.38     60.89
03:56:16        all     28.08      0.00     11.33      0.00     10.84     49.75
03:56:17        all      4.98      0.00      2.49      0.00      4.98     87.56
03:56:18        all      4.95      0.00      2.48      0.00      2.97     89.60
03:56:19        all      1.49      0.00      1.49      0.00      1.49     95.52
03:56:20        all     24.24      0.00      1.01      0.00      4.55     70.20
03:56:21        all     39.60      0.00     14.85      0.00      4.95     40.59
03:56:22        all      3.98      0.00      1.99      0.00      1.49     92.54
03:56:23        all      3.98      0.00      1.99      0.00      2.49     91.54
03:56:24        all      2.53      0.00      1.01      0.00      1.01     95.45
03:56:25        all     18.59      0.00      4.02      0.00      5.03     72.36
03:56:26        all     45.50      0.00     12.50      0.00     14.50     27.50
03:56:27        all     10.45      0.00      5.97      0.00      2.99     80.60
03:56:28        all      6.44      0.00      2.48      0.00      3.47     87.62
03:56:29        all      2.99      0.00      1.99      0.00      2.99     92.04
03:56:30        all      2.51      0.00      0.50      0.00      1.01     95.98
03:56:31        all     43.56      0.00     11.39      0.00      7.43     37.62
03:56:32        all     26.73      0.00      8.42      0.00      4.95     59.90
03:56:33        all      3.02      0.00      1.51      0.00      0.50     94.97
03:56:34        all      2.99      0.00      1.00      1.00      1.49     93.53
03:56:35        all      3.00      0.00      1.50      0.00      0.50     95.00
03:56:36        all     33.33      0.00      7.58      0.00      4.55     54.55
03:56:37        all     23.04      0.00      7.35      0.00      4.90     64.71
03:56:38        all      7.46      0.00      2.99      0.00      1.99     87.56
03:56:39        all      4.00      0.00      1.00      0.00      1.50     93.50
03:56:40        all      1.50      0.00      1.00      0.00      0.50     97.00
03:56:41        all     24.24      0.00      2.53      0.00      8.59     64.65
03:56:42        all     30.69      0.00     10.40      0.00      5.94     52.97
03:56:43        all      5.03      0.00      3.02      0.00      2.51     89.45
03:56:44        all      1.01      0.00      0.51      0.00      1.01     97.47
03:56:45        all      3.96      0.00      1.98      0.00      1.98     92.08
03:56:46        all     14.50      0.00      4.00      0.00      4.50     77.00
03:56:47        all     44.00      0.00     12.50      0.00     13.50     30.00
03:56:48        all      7.96      0.00      3.98      0.00      3.98     84.08
03:56:49        all      2.51      0.00      2.01      0.00      1.51     93.97
03:56:50        all      3.45      0.00      2.46      0.00      2.46     91.63
03:56:51        all      5.03      0.00      0.00      0.00      1.51     93.47
03:56:52        all     44.50      0.00     13.00      0.00      5.50     37.00
03:56:53        all      5.94      0.00      2.48      0.00      1.49     90.10
03:56:54        all      2.02      0.00      1.01      0.51      1.01     95.45
03:56:55        all      1.50      0.00      1.50      0.00      0.50     96.50
03:56:56        all      3.50      0.00      1.50      0.00      2.00     93.00
03:56:57        all     37.50      0.00      8.50      0.00      9.00     45.00
03:56:58        all     18.69      0.00     11.11      0.00      5.05     65.15
03:56:59        all      5.45      0.00      3.96      0.00      2.48     88.12
03:57:00        all      5.03      0.00      2.51      0.00      0.00     92.46
03:57:01        all      1.49      0.00      0.00      0.00      1.49     97.01
03:57:02        all     29.50      0.00      3.00      0.00      5.00     62.50
03:57:03        all     39.71      0.00     14.22      0.00      4.90     41.18
03:57:04        all      5.50      0.00      1.50      0.00      0.50     92.50
03:57:05        all      1.99      0.00      1.49      0.50      1.00     95.02
03:57:06        all      4.46      0.00      2.48      0.00      2.48     90.59
03:57:07        all     20.10      0.00      5.03      0.00      1.51     73.37
03:57:08        all     28.71      0.00      7.92      0.00      1.49     61.88
03:57:09        all      5.47      0.00      1.49      0.00      1.00     92.04
03:57:10        all     10.89      0.00      4.95      0.00      2.97     81.19
03:57:11        all      1.01      0.00      0.50      0.00      0.00     98.49
03:57:12        all     15.42      0.00      1.49      0.00      6.97     76.12
03:57:13        all     42.16      0.00     14.71      0.00     19.12     24.02
03:57:14        all     19.90      0.00      7.46      0.00      9.45     63.18
03:57:15        all      5.42      0.00      2.46      0.49      2.96     88.67
03:57:16        all      4.00      0.00      2.50      0.00      5.00     88.50
03:57:17        all      4.48      0.00      2.99      0.00      4.48     88.06
03:57:18        all     36.63      0.00      6.44      0.00      8.91     48.02
03:57:19        all     11.94      0.00      5.47      0.00      1.99     80.60
03:57:20        all      5.97      0.00      3.98      0.00      1.99     88.06
03:57:21        all      4.48      0.00      3.48      0.00      2.49     89.55
03:57:22        all      3.00      0.00      0.50      0.00      1.00     95.50
03:57:23        all     37.19      0.00      6.53      0.00      3.52     52.76
03:57:24        all     11.33      0.00      3.45      0.00      3.45     81.77
03:57:25        all      4.06      0.00      2.03      0.51      1.52     91.88
03:57:26        all      4.48      0.00      1.49      0.00      1.00     93.03
03:57:27        all      4.48      0.00      1.99      0.00      1.99     91.54
03:57:28        all     34.17      0.00      8.04      0.00      3.02     54.77
03:57:29        all     17.33      0.00      6.44      0.00      4.46     71.78
03:57:30        all      4.98      0.00      1.99      0.00      1.99     91.04
03:57:31        all      6.93      0.00      3.96      0.00      3.96     85.15
03:57:32        all      1.00      0.00      1.00      0.00      0.50     97.50
03:57:33        all     34.48      0.00      7.39      0.00      4.93     53.20
03:57:34        all     15.15      0.00      6.57      0.00      2.02     76.26
03:57:35        all      3.02      0.00      1.01      0.00      0.50     95.48
03:57:36        all      4.00      0.00      2.00      0.00      1.00     93.00
03:57:37        all      2.99      0.00      1.99      0.00      1.49     93.53
03:57:38        all     19.50      0.00      4.50      0.00      4.50     71.50
03:57:39        all     29.65      0.00      8.54      0.00      5.53     56.28
03:57:40        all      6.53      0.00      3.02      0.00      0.00     90.45
03:57:41        all      4.41      0.00      2.45      0.00      4.41     88.73
03:57:42        all      6.93      0.00      2.48      0.00      1.49     89.11
03:57:43        all      4.52      0.00      1.01      0.00      4.52     89.95
03:57:44        all     35.64      0.00     10.89      0.00      3.47     50.00
03:57:45        all      5.08      0.00      1.52      0.00      0.51     92.89
03:57:46        all      3.02      0.00      1.51      0.50      0.00     94.97
03:57:47        all      4.98      0.00      3.48      0.00      3.98     87.56
03:57:48        all     11.00      0.00      3.00      0.00      1.50     84.50
03:57:49        all     25.12      0.00      4.35      0.00      9.18     61.35
03:57:50        all     17.00      0.00      5.00      0.00      1.00     77.00
03:57:51        all      5.50      0.00      1.50      0.00      1.00     92.00
03:57:52        all      6.47      0.00      1.49      0.00      1.99     90.05
03:57:53        all      1.98      0.00      1.49      0.00      1.49     95.05
03:57:54        all     27.50      0.00      5.50      0.00      7.00     60.00
03:57:55        all      7.54      0.00      3.02      0.00      0.50     88.94
03:57:56        all      2.50      0.00      1.50      0.50      0.50     95.00
03:57:57        all      4.46      0.00      2.48      0.00      2.48     90.59
03:57:58        all      2.48      0.00      1.49      0.00      0.50     95.54
03:57:59        all     23.12      0.00      5.53      0.00      5.53     65.83
03:58:00        all     29.85      0.00     10.45      0.00      4.98     54.73
03:58:01        all      5.47      0.00      2.99      0.00      0.50     91.04
03:58:02        all      8.50      0.00      3.00      0.00      2.00     86.50
03:58:03        all      2.53      0.00      1.01      0.00      2.53     93.94
03:58:04        all     10.89      0.00      0.00      0.00      1.49     87.62
03:58:05        all     36.89      0.00     16.99      0.00     13.59     32.52
03:58:06        all     13.00      0.00      4.50      0.50      6.50     75.50
03:58:07        all      5.47      0.00      1.49      0.00      1.99     91.04
03:58:08        all      2.48      0.00      0.99      0.00      1.49     95.05
03:58:09        all      4.50      0.00      1.50      0.00      1.50     92.50
03:58:10        all     33.33      0.00      4.98      0.00      8.46     53.23
03:58:11        all     21.67      0.00      6.90      0.00      4.43     67.00
03:58:12        all      7.46      0.00      2.49      0.00      5.47     84.58
03:58:13        all      5.97      0.00      1.49      0.00      2.99     89.55
03:58:14        all      3.50      0.00      1.50      0.00      1.00     94.00
03:58:15        all     27.72      0.00      4.95      0.00      5.94     61.39
03:58:16        all     15.42      0.00      7.46      0.50      0.00     76.62
03:58:17        all      2.50      0.00      0.50      0.00      1.00     96.00
03:58:18        all      3.47      0.00      1.98      0.00      3.96     90.59
03:58:19        all      2.99      0.00      1.99      0.00      2.49     92.54
03:58:20        all     23.88      0.00      4.48      0.00      3.98     67.66
03:58:21        all     40.20      0.00     11.27      0.00      9.80     38.73
03:58:22        all     10.05      0.00      5.53      0.00      2.51     81.91
03:58:23        all      4.04      0.00      0.51      0.00      1.52     93.94
03:58:24        all      5.97      0.00      2.99      0.00      1.99     89.05
03:58:25        all      2.00      0.00      0.00      0.00      0.00     98.00
03:58:26        all     31.34      0.00      4.48      0.00     11.44     52.74
03:58:27        all     30.61      0.00     17.35      0.00      6.63     45.41
03:58:28        all      2.51      0.00      1.51      0.00      2.51     93.47
03:58:29        all      3.00      0.00      1.50      0.00      2.00     93.50
03:58:30        all      2.48      0.00      1.49      0.00      0.99     95.05
03:58:31        all     17.68      0.00      4.55      0.00      4.55     73.23
03:58:32        all     15.92      0.00      2.99      0.00      6.47     74.63
03:58:33        all     36.50      0.00     14.00      0.00      6.00     43.50
03:58:34        all      7.96      0.00      2.49      0.00      3.98     85.57
03:58:35        all      4.46      0.00      1.98      0.00      3.47     90.10
03:58:36        all      1.49      0.00      0.50      0.00      0.50     97.51
03:58:37        all     23.50      0.00      1.00      0.50      7.00     68.00
03:58:38        all     42.57      0.00     13.37      0.00      5.45     38.61
03:58:39        all      8.96      0.00      4.48      0.00      1.00     85.57
03:58:40        all      3.94      0.00      2.46      0.00      1.97     91.63
03:58:41        all      3.52      0.00      1.01      0.00      0.50     94.97
03:58:42        all      3.47      0.00      1.98      0.00      3.96     90.59
03:58:43        all     49.75      0.00     11.06      0.00      9.55     29.65
03:58:44        all     10.45      0.00      4.48      0.00      3.48     81.59
03:58:45        all      7.00      0.00      3.50      0.00      2.50     87.00
03:58:46        all      1.99      0.00      0.50      0.00      0.50     97.01
03:58:47        all      2.51      0.00      1.01      0.00      1.01     95.48
03:58:48        all     41.29      0.00     12.44      0.00      6.47     39.80
03:58:49        all     20.90      0.00     13.43      0.00      4.98     60.70
03:58:50        all      5.94      0.00      3.47      0.00      1.98     88.61
03:58:51        all      2.54      0.00      1.52      0.00      1.02     94.92
03:58:52        all      4.98      0.00      1.00      0.00      0.50     93.53
03:58:53        all     30.35      0.00      5.97      0.00      9.95     53.73
03:58:54        all     23.62      0.00      7.04      0.00      6.03     63.32
03:58:55        all      8.42      0.00      2.97      0.00      4.95     83.66
03:58:56        all      6.93      0.00      0.99      0.00      1.98     90.10
03:58:57        all      2.99      0.00      1.49      0.50      1.00     94.03
03:58:58        all     22.28      0.00      5.45      0.00      2.48     69.80
03:58:59        all     25.25      0.00     11.11      0.00      4.04     59.60
03:59:00        all      3.48      0.00      2.99      0.00      3.98     89.55
03:59:01        all      6.44      0.00      3.47      0.00      2.97     87.13
03:59:02        all      7.84      0.00      2.45      0.00      4.41     85.29
03:59:03        all     25.00      0.00      5.00      0.00      3.50     66.50
03:59:04        all     17.82      0.00      4.46      0.00     11.39     66.34
03:59:05        all      6.97      0.00      1.99      0.00      1.99     89.05
03:59:06        all      5.00      0.00      1.50      0.00      0.50     93.00
03:59:07        all      7.04      0.00      3.52      0.00      1.01     88.44
03:59:08        all      7.50      0.00      0.00      0.00      2.00     90.50
03:59:09        all     26.50      0.00      8.50      0.00      5.00     60.00
03:59:10        all      1.50      0.00      1.00      0.00      1.00     96.50
03:59:11        all      1.99      0.00      1.49      0.00      0.50     96.02
03:59:12        all      3.00      0.00      0.50      0.00      2.50     94.00
03:59:13        all     13.93      0.00      3.48      0.50      7.46     74.63
03:59:14        all     33.33      0.00      6.97      0.00      4.48     55.22
03:59:15        all      7.96      0.00      3.48      0.00      2.99     85.57
03:59:16        all      4.46      0.00      2.48      0.00      2.48     90.59
03:59:17        all      8.96      0.00      3.98      0.00      8.46     78.61
03:59:18        all      1.99      0.00      1.00      0.00      1.00     96.02
03:59:19        all     32.18      0.00      7.43      0.00     11.39     49.01
03:59:20        all     19.80      0.00      9.90      0.00      2.97     67.33
03:59:21        all      2.00      0.00      1.00      0.00      1.00     96.00
03:59:22        all      4.93      0.00      3.94      0.00      6.90     84.24
03:59:23        all      6.97      0.00      2.99      0.50      3.98     85.57
03:59:24        all     33.00      0.00      7.00      0.00      6.50     53.50
03:59:25        all     26.11      0.00      6.90      0.00      4.43     62.56
03:59:26        all      5.50      0.00      2.00      0.00      1.50     91.00
03:59:27        all      2.50      0.00      2.50      0.00      0.50     94.50
03:59:28        all      8.00      0.00      1.50      0.00      1.00     89.50
03:59:29        all     23.50      0.00      1.50      0.00      5.00     70.00
03:59:30        all     22.11      0.00      4.52      0.00      1.01     72.36
03:59:31        all      1.00      0.00      1.00      0.00      0.00     98.01
03:59:32        all      0.50      0.00      0.00      0.00      0.00     99.50
03:59:33        all      3.00      0.00      2.50      0.50      2.50     91.50
03:59:34        all     29.95      0.00      7.11      0.00      4.06     58.88
03:59:35        all     26.50      0.00      6.00      0.00      1.50     66.00
03:59:36        all      6.44      0.00      2.97      0.00      3.96     86.63
03:59:37        all      1.99      0.00      0.50      0.00      1.00     96.52
03:59:38        all      4.02      0.00      3.02      0.00      1.01     91.96
03:59:39        all     24.88      0.00      5.47      0.00      8.46     61.19
03:59:40        all     17.82      0.00      7.92      0.00      4.46     69.80
03:59:41        all      1.99      0.00      1.49      0.00      1.99     94.53
03:59:42        all      0.50      0.00      0.50      0.00      0.00     98.99
03:59:43        all      3.00      0.00      0.00      0.00      0.50     96.50
03:59:44        all      5.50      0.00      3.50      0.00      3.00     88.00
03:59:45        all      9.45      0.00      2.49      0.00      3.98     84.08
03:59:46        all     44.06      0.00     12.87      0.00     21.29     21.78
03:59:47        all     15.58      0.00      5.03      0.00      6.03     73.37
03:59:48        all      1.50      0.00      0.50      0.00      1.00     97.00
03:59:49        all      6.47      0.00      1.00      0.00      1.99     90.55
03:59:50        all      4.50      0.00      2.00      0.00      0.50     93.00
03:59:51        all     39.30      0.00      7.46      0.00      1.00     52.24
03:59:52        all     18.50      0.00      3.00      0.00      1.00     77.50
03:59:53        all      0.50      0.00      1.00      0.00      0.00     98.51
03:59:54        all      2.50      0.00      1.00      0.50      0.50     95.50
03:59:55        all      4.95      0.00      1.98      0.00      1.49     91.58
03:59:56        all     33.17      0.00      9.55      0.00      6.53     50.75
03:59:57        all     26.47      0.00      8.33      0.00      2.94     62.25
03:59:58        all      1.49      0.00      1.00      0.00      1.00     96.52
03:59:59        all      2.99      0.00      1.00      0.00      1.00     95.02
04:00:00        all      4.95      0.00      2.97      0.00      2.97     89.11
04:00:01        all     25.00      0.00      4.00      0.00      8.00     63.00
04:00:02        all     22.82      0.00      8.74      0.00      8.74     59.71
04:00:03        all      0.50      0.00      0.50      0.00      0.50     98.49
04:00:04        all      1.98      0.00      1.49      0.50      2.97     93.07
04:00:05        all      1.50      0.00      1.00      0.00      0.00     97.50
04:00:06        all     12.44      0.00      1.99      0.00      1.49     84.08
04:00:07        all     25.76      0.00      5.56      0.00      7.07     61.62
04:00:08        all     37.31      0.00     14.43      0.00      7.96     40.30
04:00:09        all      1.49      0.00      1.49      0.00      1.49     95.52
04:00:10        all      4.98      0.00      2.99      0.00      2.99     89.05
04:00:11        all      2.93      0.00      1.95      0.00      7.32     87.80
04:00:12        all     11.17      0.00      0.49      0.00     11.17     77.18
04:00:13        all     37.56      0.00     14.63      0.00      5.85     41.95
04:00:14        all      5.56      0.00      1.52      0.00      1.01     91.92
04:00:15        all      0.50      0.00      1.50      0.00      0.50     97.50
04:00:16        all      1.51      0.00      0.50      0.00      0.50     97.49
04:00:17        all      2.50      0.00      1.50      0.00      0.50     95.50
04:00:18        all     37.13      0.00      9.90      0.00     10.40     42.57
04:00:19        all      9.90      0.00      4.46      0.00      2.97     82.67
04:00:20        all      2.49      0.00      0.50      0.00      1.49     95.52
04:00:21        all      4.00      0.00      1.00      0.00      0.50     94.50
04:00:22        all      2.02      0.00      0.51      0.00      1.01     96.46
04:00:23        all     44.50      0.00     15.00      0.00      2.50     38.00
04:00:24        all     17.09      0.00      5.53      0.50      1.01     75.88
04:00:25        all      5.47      0.00      1.49      0.00      1.00     92.04
04:00:26        all      2.97      0.00      1.49      0.00      0.99     94.55
04:00:27        all      1.01      0.00      1.01      0.00      0.00     97.99
04:00:28        all     22.00      0.00      4.00      0.00      3.00     71.00
04:00:29        all     27.64      0.00      9.05      0.00      3.02     60.30
04:00:30        all     16.00      0.00      8.00      0.00      3.50     72.50
04:00:31        all      5.94      0.00      2.48      0.00      6.93     84.65
04:00:32        all      3.00      0.00      1.50      0.00      1.50     94.00
04:00:33        all      1.01      0.00      0.50      0.00      0.00     98.49
04:00:34        all     35.00      0.00      3.00      0.00      9.00     53.00
04:00:35        all     51.00      0.00     24.50      0.00      8.00     16.50
04:00:36        all      3.98      0.00      1.99      0.00      1.99     92.04
04:00:37        all      6.44      0.00      2.97      0.00      5.94     84.65
04:00:38        all      1.51      0.00      1.01      0.00      0.50     96.98
04:00:39        all      4.43      0.00      2.96      0.00      5.42     87.19
04:00:40        all     50.75      0.00     13.43      0.00     10.95     24.88
04:00:41        all     19.31      0.00      8.91      0.00     11.88     59.90
04:00:42        all      6.93      0.00      3.47      0.00      3.47     86.14
04:00:43        all      2.97      0.00      1.98      0.00      5.45     89.60
04:00:44        all      1.50      0.00      0.50      0.00      0.50     97.50
04:00:45        all     36.50      0.00      2.50      0.50      1.00     59.50
04:00:46        all     47.69      0.00     25.64      0.00      1.03     25.64
04:00:47        all      9.05      0.00      3.52      0.00      0.50     86.93
04:00:48        all      6.40      0.00      1.97      0.00      2.96     88.67
04:00:49        all      2.50      0.00      1.50      0.00      3.00     93.00
04:00:50        all      3.00      0.00      1.00      0.00      0.50     95.50
04:00:51        all     51.22      0.00     12.68      0.00      8.78     27.32
04:00:52        all      8.00      0.00      2.50      0.00      3.00     86.50
04:00:53        all      5.42      0.00      3.94      0.00      2.96     87.68
04:00:54        all      2.50      0.00      1.50      0.00      1.50     94.50
04:00:55        all      1.51      0.00      0.00      0.50      1.51     96.48
04:00:56        all     40.80      0.00      8.96      0.00      6.97     43.28
04:00:57        all     38.61      0.00     20.79      0.00      8.91     31.68
04:00:58        all      6.37      0.00      3.92      0.00      2.94     86.76
04:00:59        all      3.50      0.00      1.00      0.00      0.50     95.00
04:01:00        all      3.52      0.00      1.01      0.00      1.01     94.47
04:01:01        all      9.45      0.00      2.99      0.00      9.95     77.61
04:01:02        all     46.27      0.00     12.44      0.00      5.97     35.32
04:01:03        all     10.95      0.00      3.48      0.00      5.47     80.10
04:01:04        all      3.96      0.00      2.48      0.00      2.97     90.59
04:01:05        all      1.52      0.00      1.01      0.00      1.01     96.46
04:01:06        all      7.46      0.00      1.00      0.00      3.98     87.56
04:01:07        all     45.23      0.00     13.07      0.00      1.51     40.20
04:01:08        all      9.90      0.00      4.46      0.00      3.47     82.18
04:01:09        all      3.50      0.00      1.50      0.00      0.50     94.50
04:01:10        all      3.00      0.00      3.00      0.00      1.00     93.00
04:01:11        all      2.01      0.00      0.50      0.00      0.50     96.98
04:01:12        all     18.41      0.00      3.98      0.00      2.49     75.12
04:01:13        all     35.03      0.00     10.15      0.00      2.54     52.28
04:01:14        all      9.50      0.00      2.50      0.00      3.00     85.00
04:01:15        all      3.47      0.00      1.98      0.00      2.48     92.08
04:01:16        all      2.02      0.00      0.00      0.00      1.52     96.46
04:01:17        all     11.00      0.00      2.00      0.00      6.00     81.00
04:01:18        all     40.80      0.00     12.94      0.00     13.43     32.84
04:01:19        all     21.00      0.00     10.50      0.00      1.00     67.50
04:01:20        all      4.48      0.00      2.99      0.00      1.00     91.54
04:01:21        all      2.54      0.00      0.51      1.02      0.00     95.94
04:01:22        all      2.51      0.00      1.51      0.00      0.50     95.48
04:01:23        all     17.82      0.00      3.96      0.00      2.97     75.25
04:01:24        all     35.00      0.00      9.00      0.00      3.50     52.50
04:01:25        all      6.90      0.00      4.43      0.00      3.45     85.22
04:01:26        all      2.99      0.00      1.49      0.00      2.99     92.54
04:01:27        all      2.97      0.00      1.98      0.00      1.98     93.07
04:01:28        all     16.50      0.00      1.50      0.00      3.00     79.00
04:01:29        all     45.54      0.00     20.79      0.00      7.43     26.24
04:01:30        all     14.50      0.00      7.50      0.00      4.00     74.00
04:01:31        all      3.96      0.00      3.47      0.50      1.98     90.10
04:01:32        all      3.00      0.00      0.50      0.00      1.00     95.50
04:01:33        all      2.50      0.00      1.50      0.00      0.50     95.50
04:01:34        all     39.20      0.00      7.54      0.00      7.04     46.23
04:01:35        all     10.15      0.00      3.55      0.00      2.03     84.26
04:01:36        all      6.37      0.00      3.43      0.00      2.94     87.25
04:01:37        all      6.53      0.00      4.02      0.00      2.01     87.44
04:01:38        all      2.00      0.00      1.50      0.00      1.00     95.50
04:01:39        all     39.50      0.00     10.50      0.00      1.00     49.00
04:01:40        all     18.41      0.00      6.47      0.00      0.50     74.63
04:01:41        all      4.02      0.00      2.01      0.50      1.51     91.96
04:01:42        all      2.50      0.00      2.00      0.00      0.50     95.00
04:01:43        all      4.46      0.00      1.49      0.00      2.48     91.58
04:01:44        all     15.92      0.00      3.48      0.00      3.48     77.11
04:01:45        all     35.00      0.00      5.50      0.00     15.50     44.00
04:01:46        all      5.97      0.00      2.99      0.00      2.49     88.56
04:01:47        all      7.88      0.00      2.46      0.00      4.93     84.73
04:01:48        all      3.98      0.00      1.00      0.00      2.49     92.54
04:01:49        all      3.98      0.00      3.48      0.00      2.49     90.05
04:01:50        all     36.50      0.00      7.00      0.00      6.50     50.00
04:01:51        all      5.47      0.00      1.49      0.50      1.49     91.04
04:01:52        all      3.52      0.00      1.01      0.00      1.51     93.97
04:01:53        all      2.00      0.00      1.00      0.00      1.50     95.50
04:01:54        all      1.49      0.00      1.49      0.00      2.49     94.53
04:01:55        all     37.31      0.00      6.97      0.00     13.43     42.29
04:01:56        all     17.41      0.00      4.98      0.00      7.46     70.15
04:01:57        all      5.00      0.00      1.50      0.00      2.00     91.50
04:01:58        all      2.97      0.00      3.47      0.00      1.98     91.58
04:01:59        all      5.97      0.00      2.99      0.00      4.48     86.57
04:02:00        all     30.50      0.00      9.00      0.00      5.00     55.50
04:02:01        all     40.20      0.00     21.57      0.00     19.61     18.63
04:02:02        all     43.43      0.00     25.25      0.00     11.11     20.20
04:02:03        all      8.87      0.00      4.43      0.00      2.96     83.74
04:02:04        all      4.00      0.00      3.50      0.00      4.50     88.00
04:02:05        all      2.00      0.00      0.50      0.00      1.50     96.00
04:02:06        all      3.47      0.00      2.48      0.00      1.98     92.08
04:02:07        all     42.71      0.00     10.55      0.00      2.51     44.22
04:02:08        all      2.49      0.00      0.50      0.00      1.99     95.02
04:02:09        all      3.00      0.00      2.50      0.00      3.00     91.50
04:02:10        all      4.98      0.00      2.99      0.00      4.48     87.56
04:02:11        all      9.50      0.00      2.50      0.00      6.00     82.00
04:02:12        all     37.44      0.00     10.84      0.00      8.37     43.35
04:02:13        all     13.59      0.00      4.37      0.00      8.25     73.79
04:02:14        all      2.49      0.00      1.49      0.00      1.99     94.03
04:02:15        all      1.98      0.00      1.49      0.00      0.99     95.54
04:02:16        all      1.01      0.00      0.00      0.00      0.50     98.49
04:02:17        all     32.50      0.00      9.00      0.00     13.50     45.00
04:02:18        all     31.84      0.00     11.94      0.00     14.43     41.79
04:02:19        all      3.96      0.00      1.49      0.00      2.97     91.58
04:02:20        all      5.47      0.00      2.49      0.00      2.99     89.05
04:02:21        all      4.00      0.00      2.50      0.00      4.50     89.00
04:02:22        all     18.50      0.00      1.00      0.50      3.50     76.50
04:02:23        all     43.28      0.00     17.41      0.00      9.95     29.35
04:02:24        all     18.32      0.00      5.45      0.00      3.47     72.77
04:02:25        all      7.46      0.00      1.99      0.00      1.49     89.05
04:02:26        all      3.00      0.00      0.50      0.00      2.50     94.00
04:02:27        all      2.51      0.00      1.01      0.00      1.01     95.48
04:02:28        all     37.19      0.00      7.04      0.00      3.02     52.76
04:02:29        all      6.40      0.00      3.45      0.00      1.97     88.18
04:02:30        all      1.51      0.00      1.01      0.00      1.01     96.48
04:02:31        all      5.47      0.00      1.49      0.00      1.99     91.04
04:02:32        all      6.90      0.00      2.96      0.49      7.39     82.27
04:02:33        all     38.31      0.00      9.95      0.00      9.95     41.79
04:02:34        all     16.58      0.00      5.03      0.00      2.01     76.38
04:02:35        all      3.00      0.00      1.00      0.00      2.00     94.00
04:02:36        all      5.88      0.00      3.92      0.00      3.92     86.27
04:02:37        all      0.00      0.00      0.00      0.00      0.00    100.00
04:02:38        all     34.67      0.00      7.54      0.00      4.02     53.77
04:02:39        all     26.11      0.00      7.88      0.00      8.87     57.14
04:02:40        all      1.01      0.00      1.01      0.00      0.51     97.47
04:02:41        all      2.96      0.00      1.48      0.00      1.97     93.60
04:02:42        all      6.00      0.00      3.00      0.00      4.00     87.00
04:02:43        all     15.94      0.00      3.38      0.00     17.87     62.80
04:02:44        all     50.99      0.00     11.39      0.00     10.89     26.73
04:02:45        all     18.59      0.00      8.04      0.00      2.51     70.85
04:02:46        all      4.00      0.00      1.50      0.00      2.50     92.00
04:02:47        all      5.45      0.00      2.97      0.00      2.97     88.61
04:02:48        all      1.00      0.00      0.50      0.00      1.00     97.50
04:02:49        all     20.79      0.00      5.94      0.00     15.35     57.92
04:02:50        all     37.93      0.00      9.85      0.00      8.37     43.84
04:02:51        all      4.93      0.00      2.96      0.00      3.45     88.67
04:02:52        all      2.50      0.00      1.50      0.00      1.50     94.50
04:02:53        all      6.47      0.00      1.99      0.50      5.47     85.57
04:02:54        all     16.92      0.00      1.49      0.00      1.99     79.60
04:02:55        all     33.50      0.00      9.00      0.00      2.50     55.00
04:02:56        all      3.02      0.00      1.51      0.00      1.51     93.97
04:02:57        all      0.50      0.00      0.00      0.00      0.00     99.50
04:02:58        all      2.50      0.00      1.50      0.00      1.50     94.50
04:02:59        all      4.50      0.00      1.50      0.00      1.50     92.50
04:03:00        all     25.76      0.00      5.56      0.00      3.03     65.66
04:03:01        all     32.68      0.00     11.71      0.00     11.22     44.39
04:03:02        all      4.98      0.00      1.49      0.00      1.49     92.04
04:03:03        all      3.00      0.00      1.50      0.00      1.00     94.50
04:03:04        all      6.40      0.00      1.97      0.00      1.97     89.66
04:03:05        all     20.00      0.00      3.50      0.00      9.00     67.50
04:03:06        all     47.74      0.00     16.58      0.00     12.06     23.62
04:03:07        all     32.02      0.00     11.33      0.00      6.90     49.75
04:03:08        all      4.98      0.00      2.49      0.50      5.47     86.57
04:03:09        all      4.48      0.00      1.49      0.00      1.99     92.04
04:03:10        all      1.50      0.00      0.00      0.00      0.50     98.00
04:03:11        all     17.82      0.00      2.97      0.00      2.97     76.24
04:03:12        all     32.00      0.00      6.50      0.00      3.00     58.50
04:03:13        all     10.95      0.00      3.48      0.00      1.99     83.58
04:03:14        all      1.49      0.00      1.00      0.00      1.00     96.52
04:03:15        all      6.44      0.00      1.98      0.00      1.98     89.60
04:03:16        all      5.00      0.00      1.00      0.00      2.50     91.50
04:03:17        all     34.52      0.00      7.61      0.00     12.69     45.18
04:03:18        all     17.91      0.00      6.97      0.50      2.99     71.64
04:03:19        all      3.03      0.00      0.00      0.00      1.01     95.96
04:03:20        all      3.00      0.00      2.00      0.00      1.50     93.50
04:03:21        all      1.00      0.00      0.00      0.00      0.00     99.00
04:03:22        all     16.16      0.00      1.01      0.00      2.53     80.30
04:03:23        all     22.28      0.00      6.44      0.00      4.95     66.34
04:03:24        all     21.11      0.00      6.03      0.00      4.52     68.34
04:03:25        all      2.99      0.00      2.49      0.00      2.99     91.54
04:03:26        all      6.97      0.00      1.99      0.00      1.99     89.05
04:03:27        all      1.50      0.00      0.50      0.00      0.50     97.50
04:03:28        all     39.50      0.00      6.50      0.00      7.00     47.00
04:03:29        all     31.68      0.00     11.88      0.50      6.93     49.01
04:03:30        all      4.48      0.00      1.49      0.00      1.49     92.54
04:03:31        all      5.03      0.00      3.02      0.00      1.51     90.45
04:03:32        all      0.50      0.00      0.50      0.00      0.50     98.50
04:03:33        all      3.98      0.00      1.49      0.00      2.99     91.54
04:03:34        all     29.76      0.00      6.83      0.00      9.27     54.15
04:03:35        all     29.85      0.00     12.44      0.00      8.96     48.76
04:03:36        all      3.02      0.00      1.51      0.00      0.50     94.97
04:03:37        all      9.90      0.00      6.44      0.00      5.45     78.22
04:03:38        all      2.51      0.00      0.50      0.00      0.50     96.48
04:03:39        all     23.27      0.00      2.48      0.50      2.48     71.29
04:03:40        all     27.14      0.00     12.56      0.00      2.01     58.29
04:03:41        all      2.01      0.00      1.01      0.00      0.50     96.48
04:03:42        all      4.00      0.00      1.00      0.00      1.00     94.00
04:03:43        all      0.00      0.00      0.50      0.00      0.99     98.51
04:03:44        all      9.95      0.00      1.49      0.00      1.99     86.57
04:03:45        all     34.31      0.00      9.31      0.00     11.27     45.10
04:03:46        all      7.84      0.00      5.39      0.00      4.90     81.86
04:03:47        all      5.47      0.00      1.49      0.00      1.99     91.04
04:03:48        all      3.02      0.00      2.01      0.00      3.52     91.46
04:03:49        all      3.96      0.00      2.97      0.00      2.97     90.10
04:03:50        all     38.61      0.00     12.87      0.00     12.87     35.64
04:03:51        all     39.90      0.00     26.77      0.00      5.56     27.78
04:03:52        all      8.50      0.00      2.50      0.00      1.00     88.00
04:03:53        all      3.00      0.00      0.50      0.00      1.00     95.50
04:03:54        all      1.01      0.00      0.00      0.00      0.00     98.99
04:03:55        all      3.50      0.00      1.00      0.00      0.50     95.00
04:03:56        all     19.40      0.00      3.98      0.00      7.96     68.66
04:03:57        all     44.78      0.00     17.41      0.00     17.91     19.90
04:03:58        all      9.00      0.00      4.50      0.00      3.00     83.50
04:03:59        all      4.46      0.00      1.49      0.50      3.47     90.10
04:04:00        all      3.47      0.00      1.98      0.00      1.49     93.07
04:04:01        all      6.03      0.00      1.01      0.00      3.52     89.45
04:04:02        all     38.50      0.00      6.50      0.00      7.00     48.00
04:04:03        all     22.00      0.00      9.00      0.00      9.50     59.50
04:04:04        all      3.50      0.00      1.00      0.00      1.50     94.00
04:04:05        all      1.50      0.00      0.00      0.00      0.50     98.00
04:04:06        all      0.00      0.00      0.00      0.00      0.00    100.00
04:04:07        all     17.59      0.00      3.02      0.00      2.51     76.88
04:04:08        all     38.00      0.00     14.50      0.00      9.00     38.50
04:04:09        all     15.00      0.00      8.50      0.00      2.50     74.00
04:04:10        all      4.98      0.00      2.99      0.00      1.49     90.55
04:04:11        all      1.51      0.00      1.01      0.00      0.50     96.98
04:04:12        all      1.98      0.00      1.49      0.00      0.99     95.54
04:04:13        all     39.80      0.00      6.47      0.00     10.95     42.79
04:04:14        all     41.87      0.00     19.70      0.00     18.23     20.20
04:04:15        all     15.50      0.00      8.50      0.50      5.00     70.50
04:04:16        all      2.97      0.00      2.48      0.00      1.98     92.57
04:04:17        all      1.00      0.00      0.50      0.00      0.50     98.01
04:04:18        all      1.49      0.00      1.49      0.00      2.49     94.53
04:04:19        all     27.86      0.00      4.98      0.00     13.93     53.23
04:04:20        all     31.86      0.00     15.20      0.00      3.92     49.02
04:04:21        all      7.39      0.00      3.94      0.00      3.45     85.22
04:04:22        all      2.53      0.00      0.51      0.00      1.01     95.96
04:04:23        all      1.48      0.00      1.97      0.00      0.99     95.57
04:04:24        all     21.11      0.00      0.50      0.00      2.01     76.38
04:04:25        all     44.44      0.00     16.16      0.00      4.04     35.35
04:04:26        all     15.27      0.00      8.37      0.00      6.40     69.95
04:04:27        all      0.50      0.00      0.00      0.00      0.00     99.50
04:04:28        all      0.00      0.00      0.00      0.00      0.00    100.00
04:04:29        all      0.00      0.00      0.00      0.00      0.00    100.00
04:04:30        all     24.88      0.00      4.48      0.00      2.49     68.16
04:04:31        all     16.42      0.00      4.98      0.00      7.46     71.14
04:04:32        all      6.90      0.00      4.93      0.00      1.97     86.21
04:04:33        all      2.51      0.00      1.01      0.00      1.51     94.97
04:04:34        all      0.50      0.00      0.00      0.00      0.50     98.99
04:04:35        all      7.46      0.00      1.99      0.50      2.49     87.56
04:04:36        all     43.15      0.00     19.80      0.00     10.15     26.90
04:04:37        all     48.21      0.00     27.69      0.00      5.64     18.46
04:04:38        all     24.38      0.00     10.45      0.00      5.47     59.70
04:04:39        all      3.94      0.00      2.96      0.00      2.96     90.15
04:04:40        all      1.50      0.00      0.00      0.00      0.50     98.00
04:04:41        all      1.00      0.00      0.50      0.00      1.00     97.50
04:04:42        all     36.10      0.00     10.73      0.00     15.61     37.56
04:04:43        all     32.50      0.00     14.00      0.00     12.00     41.50
04:04:44        all     18.81      0.00      7.92      0.00      7.43     65.84
04:04:45        all      4.46      0.00      1.49      0.00      1.98     92.08
04:04:46        all      1.50      0.00      1.00      0.00      0.50     97.00
04:04:47        all      6.00      0.00      0.50      0.00      2.00     91.50
04:04:48        all     43.78      0.00      4.48      0.00      5.97     45.77
04:04:49        all     43.22      0.00     21.61      0.00      7.54     27.64
04:04:50        all      4.02      0.00      0.50      0.00      1.01     94.47
04:04:51        all      0.50      0.00      0.00      0.00      0.00     99.50
04:04:52        all      0.00      0.00      0.00      0.00      0.00    100.00
04:04:53        all      0.00      0.00      0.00      0.00      0.50     99.50
04:04:54        all     33.00      0.00      8.87      0.00     14.29     43.84
04:04:55        all     21.18      0.00      8.37      0.00      7.39     63.05
04:04:56        all      4.48      0.00      2.49      0.50      1.49     91.04
04:04:57        all      1.51      0.00      0.50      0.00      0.50     97.49
04:04:58        all      1.00      0.00      0.00      0.00      0.50     98.50
04:04:59        all     23.41      0.00      9.27      0.00      9.27     58.05
04:05:00        all     48.97      0.00     26.29      0.00      7.73     17.01
04:05:01        all     46.97      0.00     27.78      0.00      4.55     20.71
04:05:02        all     44.33      0.00     22.66      0.00     16.26     16.75
04:05:03        all      2.50      0.00      1.00      0.00      1.00     95.50
04:05:04        all      1.49      0.00      0.99      0.00      1.49     96.04
04:05:05        all      1.50      0.00      0.50      0.00      2.00     96.00
04:05:06        all     21.11      0.00      5.03      0.50     11.06     62.31
04:05:07        all     44.00      0.00     11.50      0.00     10.00     34.50
04:05:08        all     11.82      0.00      6.40      0.00      7.88     73.89
04:05:09        all      2.02      0.00      1.52      0.00      2.53     93.94
04:05:10        all      2.00      0.00      1.00      0.00      1.00     96.00
04:05:11        all      9.50      0.00      2.50      0.00      3.50     84.50
04:05:12        all     40.30      0.00      7.46      0.00      6.47     45.77
04:05:13        all     21.78      0.00     10.40      0.00      5.94     61.88
04:05:14        all      0.51      0.00      0.00      0.00      0.00     99.49
04:05:15        all      0.50      0.00      0.00      0.00      0.00     99.50
04:05:16        all      1.00      0.00      1.00      0.00      0.50     97.50
04:05:17        all     27.00      0.00      5.50      0.00      0.00     67.50
04:05:18        all     21.11      0.00      6.03      0.00      1.01     71.86
04:05:19        all     11.44      0.00      3.98      0.00      0.50     84.08
04:05:20        all      1.50      0.00      0.50      0.00      1.00     97.00
04:05:21        all      1.98      0.00      0.99      0.50      1.49     95.05
04:05:22        all     33.67      0.00      4.52      0.00      5.53     56.28
04:05:23        all     39.80      0.00     21.39      0.00      3.98     34.83
04:05:24        all     24.63      0.00     10.84      0.00     11.82     52.71
04:05:25        all      2.97      0.00      1.98      0.00      2.97     92.08
04:05:26        all      1.00      0.00      1.50      0.00      0.50     97.00
04:05:27        all      2.49      0.00      1.00      0.00      1.49     95.02
04:05:28        all     21.11      0.00      4.02      0.00      5.03     69.85
04:05:29        all      1.01      0.00      0.00      0.00      0.00     98.99
04:05:30        all     33.17      0.00     12.38      0.00     12.38     42.08
04:05:31        all     17.41      0.00      9.95      0.00      6.97     65.67
04:05:32        all      2.99      0.00      1.49      0.00      1.00     94.53
04:05:33        all      3.96      0.00      1.98      0.00      1.49     92.57
04:05:34        all      1.52      0.00      0.51      0.00      0.51     97.47
04:05:35        all     39.11      0.00      3.47      0.00      1.98     55.45
04:05:36        all     22.11      0.00      7.04      0.00      0.50     70.35
04:05:37        all      0.50      0.00      0.50      0.50      0.50     98.02
04:05:38        all      1.01      0.00      0.50      0.00      2.01     96.48
04:05:39        all      0.50      0.00      0.00      0.00      0.00     99.50
04:05:40        all     22.11      0.00      6.03      0.00      9.05     62.81
04:05:41        all     30.85      0.00      8.96      0.00      3.98     56.22
04:05:42        all     13.66      0.00      7.32      0.00      8.29     70.73
04:05:43        all      8.96      0.00      4.48      0.00      1.49     85.07
04:05:44        all      5.53      0.00      3.52      0.00      3.02     87.94
04:05:45        all     12.00      0.00      1.00      0.00      3.50     83.50
04:05:46        all     37.93      0.00      7.88      0.00      5.42     48.77
04:05:47        all     32.99      0.00     20.81      0.00     13.71     32.49
04:05:48        all      2.48      0.00      0.99      0.00      0.50     96.04
04:05:49        all      1.01      0.00      0.50      0.00      0.00     98.49
04:05:50        all      1.50      0.00      0.50      0.00      0.50     97.50
04:05:51        all      6.50      0.00      2.00      0.00      3.50     88.00
04:05:52        all     20.30      0.00      3.47      0.00      5.94     70.30
04:05:53        all     21.78      0.00      5.45      0.00      6.93     65.84
04:05:54        all     14.71      0.00      5.88      0.00      6.86     72.55
04:05:55        all      5.94      0.00      2.97      0.00      7.43     83.66
04:05:56        all      3.47      0.00      2.48      0.00      1.49     92.57
04:05:57        all      2.97      0.00      1.49      0.50      1.98     93.07
04:05:58        all     33.50      0.00      4.00      0.00      8.50     54.00
04:05:59        all     28.16      0.00     10.19      0.00     12.14     49.51
04:06:00        all      0.50      0.00      0.50      0.00      0.00     99.00
04:06:01        all      1.50      0.00      1.00      0.00      0.50     97.00
04:06:02        all      0.00      0.00      0.00      0.00      0.00    100.00
04:06:03        all      7.96      0.00      3.98      0.00      6.47     81.59
04:06:04        all     41.18      0.00      9.31      0.00     12.25     37.25
04:06:05        all     10.89      0.00      6.44      0.00      7.43     75.25
04:06:06        all      7.50      0.00      4.50      0.00      6.50     81.50
04:06:07        all      2.96      0.00      1.97      0.49      4.93     89.66
04:06:08        all      6.50      0.00      0.50      0.00      3.50     89.50
04:06:09        all     42.00      0.00     12.00      0.00      3.50     42.50
04:06:10        all     17.09      0.00      9.05      0.00      2.01     71.86
04:06:11        all      1.51      0.00      0.00      0.00      1.01     97.49
04:06:12        all      0.50      0.00      0.50      0.00      1.01     97.99
04:06:13        all      0.00      0.00      0.50      0.00      0.50     99.00
04:06:14        all     35.15      0.00      9.41      0.00      5.94     49.50
04:06:15        all     27.64      0.00      9.55      0.00      1.01     61.81
04:06:16        all     10.05      0.00      5.03      0.00      4.02     80.90
04:06:17        all      4.48      0.00      2.99      0.00      1.99     90.55
04:06:18        all      4.00      0.00      2.50      0.00      1.00     92.50
04:06:19        all     15.00      0.00      1.00      0.00      5.50     78.50
04:06:20        all     39.50      0.00     14.50      0.00      3.50     42.50
04:06:21        all     17.50      0.00      4.50      0.00      2.50     75.50
04:06:22        all      3.02      0.00      0.50      0.00      1.51     94.97
04:06:23        all      2.48      0.00      0.99      0.00      1.98     94.55
04:06:24        all      2.01      0.00      0.50      0.00      0.00     97.49
04:06:25        all     35.68      0.00      7.04      0.00      9.05     48.24
04:06:26        all      1.00      0.00      1.00      0.00      1.00     97.01
04:06:27        all     17.07      0.00      7.80      0.00      9.76     65.37
04:06:28        all      8.37      0.00      3.94      0.00      3.45     84.24
04:06:29        all      7.96      0.00      2.49      0.00      7.46     82.09
04:06:30        all      2.49      0.00      1.49      0.00      2.49     93.53
04:06:31        all     24.62      0.00      5.03      0.00      4.02     66.33
04:06:32        all     42.86      0.00     23.98      0.00      3.57     29.59
04:06:33        all      8.50      0.00      5.50      0.50      2.50     83.00
04:06:34        all      1.00      0.00      1.00      0.00      0.50     97.51
04:06:35        all      0.00      0.00      0.50      0.00      0.00     99.50
04:06:36        all      1.50      0.00      0.00      0.00      0.50     98.00
04:06:37        all     48.50      0.00     11.00      0.00     10.00     30.50
04:06:38        all     14.71      0.00      6.37      0.00      3.43     75.49
04:06:39        all     12.32      0.00      5.91      0.00      7.39     74.38
04:06:40        all      5.42      0.00      3.94      0.00      7.88     82.76
04:06:41        all      4.00      0.00      2.50      0.00      1.50     92.00
04:06:42        all     37.00      0.00      1.50      0.00      6.00     55.50
04:06:43        all     30.39      0.00     12.75      0.00     13.73     43.14
04:06:44        all     17.24      0.00      7.39      0.00      3.94     71.43
04:06:45        all      1.02      0.00      0.51      0.00      0.00     98.48
04:06:46        all      0.50      0.00      0.00      0.00      0.50     99.00
04:06:47        all      2.53      0.00      0.51      0.00      1.52     95.45
04:06:48        all     18.23      0.00      2.96      0.00      9.36     69.46
04:06:49        all     31.53      0.00      9.36      0.00     15.27     43.84
04:06:50        all      6.50      0.00      2.00      0.00      1.50     90.00
04:06:51        all      8.00      0.00      3.50      0.00      1.50     87.00
04:06:52        all      3.48      0.00      1.00      0.00      1.49     94.03
04:06:53        all      8.46      0.00      0.50      0.50      2.49     88.06
04:06:54        all     40.20      0.00     15.20      0.00      2.94     41.67
04:06:55        all     30.69      0.00      8.91      0.00      3.96     56.44
04:06:56        all      1.49      0.00      1.99      0.00      0.50     96.02
04:06:57        all      0.50      0.00      0.00      0.00      0.00     99.50
04:06:58        all      0.00      0.00      0.00      0.00      0.50     99.50
04:06:59        all     17.91      0.00      4.98      0.00      1.49     75.62
04:07:00        all     29.15      0.00      8.04      0.00      6.53     56.28
04:07:01        all      6.90      0.00      2.96      0.00      4.43     85.71
04:07:02        all      8.96      0.00      3.98      0.00      4.98     82.09
04:07:03        all      5.53      0.00      3.02      0.00      1.01     90.45
04:07:04        all      9.45      0.00      1.99      0.00      2.99     85.57
04:07:05        all     39.11      0.00      8.91      0.00     14.36     37.62
04:07:06        all     32.34      0.00     15.92      0.00      5.97     45.77
04:07:07        all      6.93      0.00      2.48      0.00      1.98     88.61
04:07:08        all      2.00      0.00      0.50      0.00      1.00     96.50
04:07:09        all      0.51      0.00      0.00      0.00      0.51     98.99
04:07:10        all      9.95      0.00      1.49      0.00      5.97     82.59
04:07:11        all     33.00      0.00      8.37      0.00     12.32     46.31
04:07:12        all      0.50      0.00      0.50      0.00      0.00     98.99
04:07:13        all     15.76      0.00      5.91      0.00      4.43     73.89
04:07:14        all     10.78      0.00      3.92      0.49      2.94     81.86
04:07:15        all      5.50      0.00      2.00      0.00      2.00     90.50
04:07:16        all      0.50      0.00      0.00      0.00      1.00     98.50
04:07:17        all     18.41      0.00      1.49      0.00      7.46     72.64
04:07:18        all     34.67      0.00     20.10      0.00     16.08     29.15
04:07:19        all     39.29      0.00     23.98      0.00     13.27     23.47
04:07:20        all      2.46      0.00      2.46      0.00      1.48     93.60
04:07:21        all      1.01      0.00      0.00      0.00      0.50     98.49
04:07:22        all      0.00      0.00      0.00      0.00      0.00    100.00
04:07:23        all      2.50      0.00      0.50      0.00      0.50     96.50
04:07:24        all     62.05      0.00     15.90      0.51      4.10     17.44
04:07:25        all     26.37      0.00     10.45      0.00      2.99     60.20
04:07:26        all     10.95      0.00      5.47      0.00      4.48     79.10
04:07:27        all      3.98      0.00      1.49      0.00      1.00     93.53
04:07:28        all      2.50      0.00      2.00      0.00      2.50     93.00
04:07:29        all     29.00      0.00      1.00      0.00      7.50     62.50
04:07:30        all     38.24      0.00      6.86      0.00     11.76     43.14
04:07:31        all     36.41      0.00     17.95      0.00      8.21     37.44
04:07:32        all      3.94      0.00      1.97      0.00      0.99     93.10
04:07:33        all      3.00      0.00      2.00      0.00      0.50     94.50
04:07:34        all      0.50      0.00      0.50      0.00      0.50     98.50
04:07:35        all      0.50      0.00      0.50      0.00      0.50     98.50
04:07:36        all     43.78      0.00     10.95      0.00      8.96     36.32
04:07:37        all      8.96      0.00      4.48      0.00      5.97     80.60
04:07:38        all      6.97      0.00      2.99      0.00      3.98     86.07
04:07:39        all      2.50      0.00      0.50      0.00      1.00     96.00
04:07:40        all      3.47      0.00      1.49      0.50      1.49     93.07
04:07:41        all     39.80      0.00     10.71      0.00      6.12     43.37
04:07:42        all     21.29      0.00      9.90      0.00      2.48     66.34
04:07:43        all      2.00      0.00      1.00      0.00      0.50     96.50
04:07:44        all      0.00      0.00      0.50      0.00      0.50     99.00
04:07:45        all      0.00      0.00      1.00      0.00      0.00     99.00
04:07:46        all     14.29      0.00      2.96      0.00     10.84     71.92
04:07:47        all     29.70      0.00      7.43      0.00      6.44     56.44
04:07:48        all     10.00      0.00      4.00      0.00      0.00     86.00
04:07:49        all      8.91      0.00      3.47      0.00      1.49     86.14
04:07:50        all      0.50      0.00      0.50      0.50      1.01     97.49
04:07:51        all      9.45      0.00      1.00      0.00      1.49     88.06
04:07:52        all     40.10      0.00     18.32      0.00      5.94     35.64
04:07:53        all     42.79      0.00     20.90      0.00      1.49     34.83
04:07:54        all     10.55      0.00      6.03      0.00      0.50     82.91
04:07:55        all      0.99      0.00      0.50      0.00      0.99     97.52
04:07:56        all      1.00      0.00      0.50      0.00      0.50     98.00
04:07:57        all      3.98      0.00      1.00      0.00      2.49     92.54
04:07:58        all     18.32      0.00      3.47      0.00      4.95     73.27
04:07:59        all     23.12      0.00      8.04      0.00      4.52     64.32
04:08:00        all     15.27      0.00      6.90      0.00      7.88     69.95
04:08:01        all      5.97      0.00      1.99      0.00      4.98     87.06
04:08:02        all      1.00      0.00      0.50      0.00      0.50     98.01
04:08:03        all      6.50      0.00      0.50      0.00      2.50     90.50
04:08:04        all     40.70      0.00      7.54      0.00      5.53     46.23
04:08:05        all     26.63      0.00     12.06      0.00      4.02     57.29
04:08:06        all      2.51      0.00      0.50      0.00      0.50     96.48
04:08:07        all      0.50      0.00      0.00      0.00      0.00     99.50
04:08:08        all      1.49      0.00      0.00      0.00      1.00     97.51
04:08:09        all     16.67      0.00      3.54      0.00      2.53     77.27
04:08:10        all     10.95      0.00      1.49      0.00      2.49     85.07
04:08:11        all     33.01      0.00     13.11      0.00     19.42     34.47
04:08:12        all      6.50      0.00      3.00      0.00      3.00     87.50
04:08:13        all      3.98      0.00      1.99      0.00      1.00     93.03
04:08:14        all      2.49      0.00      0.50      0.00      1.00     96.02
04:08:15        all     17.91      0.00      0.50      0.50      4.98     76.12
04:08:16        all     39.60      0.00     16.34      0.00      7.43     36.63
04:08:17        all     28.79      0.00     13.13      0.00      5.56     52.53
04:08:18        all      4.50      0.00      2.50      0.00      1.00     92.00
04:08:19        all      3.00      0.00      0.50      0.00      1.00     95.50
04:08:20        all      1.00      0.00      1.00      0.00      0.50     97.50
04:08:21        all     20.00      0.00      3.50      0.00      3.00     73.50
04:08:22        all     21.39      0.00      5.47      0.00      1.99     71.14
04:08:23        all     16.34      0.00      5.94      0.00      3.96     73.76
04:08:24        all      5.97      0.00      1.99      0.00      2.99     89.05
04:08:25        all      4.52      0.00      2.01      0.00      3.52     89.95
04:08:26        all      1.49      0.00      0.50      0.50      1.00     96.52
04:08:27        all     34.83      0.00     10.95      0.00      5.97     48.26
04:08:28        all     35.96      0.00     21.18      0.00     10.84     32.02
04:08:29        all      5.47      0.00      1.49      0.00      1.99     91.04
04:08:30        all      0.00      0.00      0.50      0.00      0.00     99.50
04:08:31        all      1.50      0.00      1.00      0.00      0.00     97.50
04:08:32        all      2.50      0.00      0.00      0.00      0.50     97.00
04:08:33        all     40.30      0.00     10.45      0.00      3.98     45.27
04:08:34        all      9.50      0.00      4.50      0.00      2.00     84.00
04:08:35        all      6.53      0.00      2.01      0.00      1.51     89.95
04:08:36        all      2.53      0.00      1.52      0.00      0.51     95.45
04:08:37        all     11.00      0.00      1.00      0.00      1.00     87.00
04:08:38        all     38.31      0.00     13.93      0.00      2.49     45.27
04:08:39        all     12.44      0.00      5.47      0.00      2.49     79.60
04:08:40        all      5.00      0.00      1.00      0.00      1.00     93.00
04:08:41        all      4.46      0.00      2.48      0.00      2.97     90.10
04:08:42        all      1.01      0.00      1.01      0.00      1.01     96.98
04:08:43        all     11.82      0.00      2.96      0.00      5.42     79.80
04:08:44        all     23.62      0.00      5.03      0.00      5.03     66.33
04:08:45        all     19.40      0.00      4.98      0.00      3.48     72.14
04:08:46        all      6.97      0.00      2.99      0.50      1.49     88.06
04:08:47        all      3.00      0.00      2.00      0.00      3.00     92.00
04:08:48        all      5.03      0.00      1.51      0.00      1.01     92.46
04:08:49        all     25.00      0.00      6.37      0.00      5.88     62.75
04:08:50        all     29.06      0.00     10.34      0.00      9.36     51.23
04:08:51        all      2.51      0.00      1.01      0.00      0.50     95.98
04:08:52        all      2.50      0.00      0.50      0.00      1.00     96.00
04:08:53        all      1.98      0.00      0.99      0.00      0.99     96.04
04:08:54        all      8.54      0.00      2.01      0.00      1.51     87.94
04:08:55        all     24.00      0.00      4.50      0.00      4.00     67.50
04:08:56        all     21.78      0.00      6.44      0.00      3.47     68.32
04:08:57        all      9.45      0.00      3.98      0.00      4.48     82.09
04:08:58        all      3.02      0.00      2.01      0.00      1.51     93.47
04:08:59        all      3.48      0.00      1.49      0.00      1.99     93.03
04:09:00        all     20.00      0.00      2.50      0.00     13.00     64.50
04:09:01        all     36.95      0.00     16.26      0.49     13.79     32.51
04:09:02        all     42.16      0.00     24.02      0.00     17.16     16.67
04:09:03        all     14.93      0.00      5.97      0.00      1.99     77.11
04:09:04        all      5.45      0.00      1.98      0.00      0.99     91.58
04:09:05        all      1.01      0.00      0.50      0.00      0.50     97.99
04:09:06        all      3.00      0.00      1.50      0.00      1.00     94.50
04:09:07        all     38.61      0.00     11.39      0.00     20.79     29.21
04:09:08        all     18.69      0.00      4.55      0.00      4.55     72.22
04:09:09        all      5.45      0.00      2.97      0.00      1.98     89.60
04:09:10        all      2.46      0.00      1.48      0.00      3.45     92.61
04:09:11        all      4.95      0.00      1.49      0.00      2.48     91.09
04:09:12        all     28.79      0.00      5.56      0.00      1.01     64.65
04:09:13        all     32.16      0.00      8.04      0.00      2.51     57.29
04:09:14        all      1.00      0.00      0.50      0.00      1.00     97.50
04:09:15        all      3.00      0.00      0.50      0.00      0.50     96.00
04:09:16        all      1.98      0.00      1.49      0.00      0.99     95.54
04:09:17        all     18.09      0.00      4.02      0.00      0.50     77.39
04:09:18        all     22.73      0.00      5.56      0.00      1.01     70.71
04:09:19        all     15.42      0.00      5.47      0.00      1.00     78.11
04:09:20        all      5.03      0.00      2.01      0.00      1.01     91.96
04:09:21        all      5.45      0.00      2.48      0.00      1.98     90.10
04:09:22        all      2.00      0.00      0.50      0.50      3.00     94.00
04:09:23        all     26.87      0.00      5.47      0.00     10.45     57.21
04:09:24        all     36.45      0.00     19.21      0.00     18.23     26.11
04:09:25        all     38.05      0.00     19.51      0.00     17.56     24.88
04:09:26        all      4.55      0.00      3.03      0.00      1.52     90.91
04:09:27        all      4.98      0.00      2.49      0.00      1.99     90.55
04:09:28        all      0.00      0.00      0.50      0.00      0.50     99.00
04:09:29        all      6.03      0.00      2.01      0.00      4.02     87.94
04:09:30        all     40.89      0.00      9.36      0.00     10.84     38.92
04:09:31        all     11.88      0.00      3.96      0.00      3.47     80.69
04:09:32        all      6.97      0.00      3.48      0.50      3.48     85.57
04:09:33        all      2.49      0.00      1.49      0.00      1.00     95.02
04:09:34        all      0.51      0.00      0.51      0.00      0.51     98.48
04:09:35        all     27.50      0.00      3.00      0.00     17.50     52.00
04:09:36        all     35.96      0.00     17.24      0.00     10.34     36.45
04:09:37        all      8.96      0.00      3.98      0.00      0.50     86.57
04:09:38        all      3.00      0.00      0.50      0.00      0.50     96.00
04:09:39        all      0.50      0.00      0.00      0.00      0.00     99.50
04:09:40        all      1.50      0.00      1.00      0.00      0.00     97.50
04:09:41        all     40.80      0.00      9.45      0.00      1.00     48.76
04:09:42        all      6.53      0.00      2.51      0.00      1.01     89.95
04:09:43        all      4.98      0.00      2.49      0.00      1.49     91.04
04:09:44        all      6.00      0.00      2.00      0.00      1.00     91.00
04:09:45        all      3.47      0.00      0.99      0.00      1.98     93.56
04:09:46        all     44.78      0.00     12.44      0.00      1.99     40.80
04:09:47        all     36.36      0.00     19.19      0.00      0.00     44.44
04:09:48        all      2.50      0.00      1.50      1.00      1.00     94.00
04:09:49        all      2.50      0.00      2.00      0.00      1.00     94.50
04:09:50        all      4.48      0.00      1.00      0.00      0.50     94.03
04:09:51        all      3.00      0.00      1.50      0.00      3.00     92.50
04:09:52        all     15.92      0.00      2.99      0.00      3.98     77.11
04:09:53        all     29.85      0.00      7.46      0.00      3.98     58.71
04:09:54        all      7.54      0.00      4.02      0.00      1.51     86.93
04:09:55        all      4.43      0.00      2.96      0.00      2.46     90.15
04:09:56        all      4.50      0.00      2.00      0.00      1.00     92.50
04:09:57        all     17.00      0.00      1.50      0.00      6.00     75.50
04:09:58        all     41.09      0.00     14.36      0.00      6.93     37.62
04:09:59        all     31.16      0.00     15.58      0.00      4.52     48.74
04:10:00        all      3.50      0.00      1.00      0.00      1.00     94.50
04:10:01        all      2.01      0.00      1.51      0.00      2.51     93.97
04:10:02        all      1.00      0.00      1.49      0.00      1.99     95.52
04:10:03        all     19.70      0.00      3.94      0.00      2.46     73.89
04:10:04        all     24.87      0.00      7.11      0.00      0.51     67.51
04:10:05        all     14.93      0.00      8.96      0.00      0.00     76.12
04:10:06        all      2.49      0.00      1.00      0.50      1.00     95.02
04:10:07        all      5.45      0.00      3.96      0.00      2.48     88.12
04:10:08        all      0.50      0.00      1.00      0.50      0.50     97.50
04:10:09        all     31.03      0.00      2.96      0.00     11.33     54.68
04:10:10        all     33.17      0.00     16.59      0.00     17.56     32.68
04:10:11        all     44.39      0.00     28.06      0.00      6.12     21.43
04:10:12        all      8.54      0.00      3.52      0.00      4.02     83.92
04:10:13        all      2.96      0.00      2.96      0.00      1.97     92.12
04:10:14        all      3.50      0.00      1.00      0.00      1.00     94.50
04:10:15        all      1.51      0.00      1.01      0.00      0.50     96.98
04:10:16        all     54.55      0.00     12.63      0.00     11.11     21.72
04:10:17        all     12.20      0.00      5.85      0.00      5.37     76.59
04:10:18        all      7.00      0.00      2.50      0.50      5.50     84.50
04:10:19        all      1.97      0.00      1.48      0.00      1.48     95.07
04:10:20        all      3.02      0.00      0.00      0.00      0.50     96.48
04:10:21        all     31.68      0.00      5.94      0.00      8.42     53.96
04:10:22        all     40.10      0.00     20.79      0.00     10.40     28.71
04:10:23        all     24.50      0.00     10.50      0.00      4.50     60.50
04:10:24        all      5.47      0.00      2.99      0.00      3.48     88.06
04:10:25        all      3.98      0.00      1.49      0.00      1.49     93.03
04:10:26        all      1.00      0.00      0.50      0.00      1.00     97.50
04:10:27        all     28.71      0.00      5.45      0.00      6.93     58.91
04:10:28        all     17.09      0.00      4.02      0.00      3.02     75.88
04:10:29        all      5.53      0.00      2.51      0.00      0.50     91.46
04:10:30        all      5.50      0.00      2.50      0.00      1.50     90.50
04:10:31        all      4.00      0.00      1.50      0.00      1.00     93.50
04:10:32        all     25.63      0.00      6.53      0.00      4.02     63.82
04:10:33        all     45.32      0.00     15.27      0.00      7.39     32.02
04:10:34        all      7.07      0.00      1.52      0.00      2.53     88.89
04:10:35        all      2.50      0.00      1.50      0.00      1.00     95.00
04:10:36        all      5.00      0.00      1.00      0.00      0.50     93.50
04:10:37        all      4.00      0.00      1.50      0.00      0.50     94.00
04:10:38        all      1.00      0.00      0.50      0.00      0.50     98.00
04:10:39        all     40.00      0.00     11.00      0.00     16.00     33.00
04:10:40        all     17.82      0.00      5.94      0.00     13.37     62.87
04:10:41        all      5.97      0.00      2.49      0.00      1.99     89.55
04:10:42        all      4.46      0.00      1.98      0.00      1.98     91.58
04:10:43        all      3.50      0.00      2.00      0.00      1.50     93.00
04:10:44        all     26.87      0.00      5.97      0.50      2.99     63.68
04:10:45        all     42.64      0.00     26.40      0.00      5.08     25.89
04:10:46        all     37.31      0.00     17.91      0.00     11.44     33.33
04:10:47        all      4.46      0.00      2.48      0.00      2.48     90.59
04:10:48        all      3.94      0.00      2.96      0.00      2.46     90.64
04:10:49        all      4.00      0.00      1.50      0.00      2.00     92.50
04:10:50        all     11.50      0.00      3.00      0.00      1.00     84.50
04:10:51        all     33.17      0.00      6.93      0.00      7.92     51.98
04:10:52        all      4.98      0.00      1.99      0.00      3.48     89.55
04:10:53        all      5.50      0.00      0.50      0.00      1.50     92.50
04:10:54        all      4.98      0.00      2.49      0.50      1.49     90.55
04:10:55        all     22.00      0.00      2.00      0.00      2.50     73.50
04:10:56        all     38.38      0.00     12.12      0.00      4.55     44.95
04:10:57        all      6.00      0.00      2.00      0.00      1.00     91.00
04:10:58        all      2.50      0.00      1.50      0.00      0.50     95.50
04:10:59        all      1.49      0.00      1.00      0.00      0.50     97.01
04:11:00        all      1.01      0.00      0.00      0.00      0.00     98.99
04:11:01        all      1.50      0.00      0.50      0.00      0.50     97.50
04:11:02        all     45.50      0.00     11.50      0.00      3.00     40.00
04:11:03        all      5.47      0.00      3.48      0.00      0.50     90.55
04:11:04        all      5.56      0.00      2.53      0.00      0.51     91.41
04:11:05        all      2.51      0.00      2.01      0.00      1.01     94.47
04:11:06        all      5.97      0.00      3.98      0.00      5.47     84.58
04:11:07        all     40.89      0.00     14.29      0.00     14.29     30.54
04:11:08        all     44.21      0.00     28.42      0.00      1.58     25.79
04:11:09        all     30.15      0.00     16.58      0.00      5.53     47.74
04:11:10        all      4.52      0.00      3.52      0.00      1.51     90.45
04:11:11        all      2.50      0.00      0.50      0.00      2.50     94.50
04:11:12        all      1.99      0.00      1.49      0.00      1.49     95.02
04:11:13        all      8.50      0.00      1.00      0.00      4.50     86.00
04:11:14        all     12.44      0.00      2.49      0.00      4.48     80.60
04:11:15        all     36.63      0.00     12.38      0.50     10.40     40.10
04:11:16        all      8.00      0.00      4.50      0.00      2.50     85.00
04:11:17        all      4.98      0.00      3.48      0.00      4.48     87.06
04:11:18        all      3.47      0.00      1.98      0.00      1.49     93.07
04:11:19        all      9.50      0.00      0.50      0.00      3.00     87.00
04:11:20        all     41.71      0.00     12.06      0.00      2.01     44.22
